,Key,Quantità_x,Quantità_y,Differenza
1,ARANCIA E CANNELLA Lanterna - Sapone arancia e cannella & spugna cotone e canapa__DISTRIBUTORI__ITALIA,288.0,14832.000071999964,0.019417475633895797
27,ARTICOLO GENERICO__PRIVATE LABEL__ITALIA,12518.0,230084.64354084682,0.05440606468713626
44,Acidi della frutta AHA - Attivo capelli anticrespo spray (100 ml)__E-RETAILERS__AUSTRIA,350.0,2005.3706225856795,0.17453132905114463
216,"Acqua micellare in polvere viso occhi labbra (8,5g)__PRIVATE LABEL__ITALIA",288.0,1174.75230311211,0.2451580637356838
278,Amido di riso italiano (30 g)__E-RETAILERS__AUSTRIA,180.0,846.8896585940961,0.21254244655533314
569,Balsamo Moringa & girasole (150 ml)__DISTRIBUTORI__REPUBBLICA CECA,480.0,82652.90236480636,0.0058074185693010125
609,Balsamo Moringa & limone (150 ml)__DISTRIBUTORI__REPUBBLICA CECA,840.0,14445.405248150035,0.0581499781813027
650,Balsamo leave in Moringa & lino (150 ml)__DISTRIBUTORI__REPUBBLICA CECA,360.0,2331.9239639395555,0.15437896156434514
686,Balsamo nutriente - GIRASOLE BIO E AVOCADO (150 ml)__NEGOZI AL DETTAGLIO__ITALIA,263.0,4108.5000912499545,0.06401362885694518
733,Balsamo solido ristrutturante - COCCO BIO E AMLA (40 g)__E-RETAILERS__ITALIA,484.0,1741.0000000000002,0.27800114876507753
1062,"Biocao balsamo labbra IALURONICO (5,7 ml)__CATENA DI NEGOZI__ITALIA",786.0,4366.036260269694,0.18002598997000727
1147,"Biodeo Fresh - Tea tree, Zenzero, Lime (50 ml)__CATENA DI NEGOZI__ITALIA",243.0,1806.127541657842,0.1345419935166653
1188,"Biodeo Soft - Iris, Bardana, Calendula (50 ml)__CATENA DI NEGOZI__ITALIA",154.6338452066328,583.8057789249027,0.2648720701110497
1191,"Biodeo Soft - Iris, Bardana, Calendula (50 ml)__DISTRIBUTORI__BULGARIA",494.0,2956.2885028609367,0.16710141771411466
1262,Biodeo Solido Himalaya - fresco (40 g)__GAS__ITALIA,150.0,1219.6833314806745,0.12298274160876052
1362,Biodeo refill Alaska - fresco sport (40 ml)__NEGOZI AL DETTAGLIO__ITALIA,3418.0,20342.61801890021,0.16802163796343006
1415,Biodeo refill Sunrise - tropicale (40 ml)__NEGOZI AL DETTAGLIO__ITALIA,2825.0,12497.572005530046,0.2260439066684286
1433,Biodeo spray canapa (100 ml)__E-RETAILERS__ITALIA,391.0,1503.0,0.260146373918829
1453,Biospray protettivo - Difesa naturale (100 ml)__0__ITALIA,114.0,10452.409371421098,0.010906576268596787
1506,Bocciolo - miscela di oli essenziali con note dolci e floreali (10 ml)__NEGOZI AL DETTAGLIO__ITALIA,223.0,1125.1979457448235,0.1981873508064267
1526,Brufolo Kill - Siero urto localizzato (15 ml)__E-RETAILERS__ITALIA,466.0,3645.1870573204437,0.1278398042877267
1546,Buono Regalo Negozio__BIOSTORIE__ITALIA,780.0,4466.35962446607,0.17463887048576945
1646,Burro struccante - Hip Hip Burro! (45 ml)__CATENA DI NEGOZI__ITALIA,675.0,2787.8032660896965,0.2421261242536625
1670,Busta carta avana con manico piatto L 25+(11x31) (pz)__BIOSTORIE__ITALIA,4250.0,121573.51201237539,0.03495827281494819
1674,Busta carta avana con manico piatto M (18x8x24) (pz)__BIOSTORIE__ITALIA,23483.0,504870.94730641,0.04651287645939347
1681,Busta carta avana senza manico (12x28) (kg)__BIOSTORIE__ITALIA,272.0,5800.114277122724,0.046895627741826436
2372,Campioni Crema ravvivaricci (25 pz)__LASAPONARIA E-COMMERCE__ITALIA,183.0,1678.4199355047554,0.10903111678363493
2428,Campioni Crema viso idratante melissa (25 pz)__BIOSTORIE__ITALIA,124.0,426.00930837333345,0.29107345206488433
2649,Campioni Latte struccante melissa (25 pz)__NEGOZI AL DETTAGLIO__ITALIA,429.0,1502.0359842717453,0.2856123318563493
3060,Coenzima Q10 R-PET (30 ml)__DISTRIBUTORI__ITALIA,401.0,2559.9637367163928,0.15664284389995053
3062,Coenzima Q10 R-PET (30 ml)__DISTRIBUTORI__REPUBBLICA CECA,480.0,2215.007651695036,0.21670354033886954
3064,Coenzima Q10 R-PET (30 ml)__DISTRIBUTORI__SPAGNA,240.0,5820.002489998753,0.0412370957593957
3065,Coenzima Q10 R-PET (30 ml)__E-RETAILERS__AUSTRIA,600.0,2356.615867326681,0.25460237636464417
3109,Collagene Vegetale Attivo Puro (30 ml)__DISTRIBUTORI__SPAGNA,720.0,9230.388047902547,0.07800322112823936
3165,Collutorio Extra Fresco Menta & Solidago (250 ml)__E-RETAILERS__ITALIA,695.0,2399.0,0.28970404335139643
3192,Collutorio Protettivo Arancia & Xilitolo (250 ml)__E-RETAILERS__AUSTRIA,164.0,1097.05426302935,0.14949123806067596
3301,Crema corpo - LIME & ZENZERO (ti auguro un futuro luminoso) (75 ml)__DISTRIBUTORI__ITALIA,887.0,61229.93821322225,0.01448637751211151
3323,Crema corpo idratante - Sorbetto di fiori e radici (180 ml)__E-RETAILERS__AUSTRIA,252.0,1240.191249823284,0.20319446701136437
3355,Crema corpo nutriente - Soffice di Karitè (180 ml)__DISTRIBUTORI__REPUBBLICA CECA,180.0,635.442899196375,0.28326699413533524
3446,Crema mani - EXTRAVERGINE (60 ml)__E-RETAILERS__AUSTRIA,240.0,6209.920367948636,0.03864783858400438
3479,Crema mani - MENTA E LIMONE (60 ml)__DISTRIBUTORI__SPAGNA,180.0,1751.1441087488263,0.10278994121655018
3480,Crema mani - MENTA E LIMONE (60 ml)__E-RETAILERS__AUSTRIA,420.0,1986.3363035674083,0.21144455712040852
3541,Crema mani MANDORLE & FRUTTI ROSSI (40 ml)__DISTRIBUTORI__ITALIA,975.0,50212.50024374988,0.019417475633895797
3559,"Crema mani e unghie Fitocheratina, ricino e limone (40 ml)__E-RETAILERS__ITALIA",923.0,7270.356762651631,0.12695387999960614
3576,"Crema mani e unghie Fitocheratina, ricino e limone (40 ml)__STRUTTURA RICETTIVA__ITALIA",110.0,1717.361180228327,0.06405175641933124
3587,Crema notte Deep Care (50 ml)__E-RETAILERS__ITALIA,306.0,3783.3384180367843,0.08088094856679164
3616,Crema solida gambe e corpo UP! - Pepe Rosa & Zenzero (80 ml)__E-RETAILERS__ITALIA,146.0,678.6547050341134,0.2151314931098299
3743,Crema viso idratante - ALOE VERA E ARGAN (50 ml)__CATENA DI NEGOZI__ITALIA,137.0,875.8969210340232,0.15641109896615152
3950,Cristalli vegetali - ARGAN BIO E LINO (50 ml)__DISTRIBUTORI__REPUBBLICA CECA,960.0,5683.154368657855,0.16892027520743122
3954,Cristalli vegetali - ARGAN BIO E LINO (50 ml)__E-RETAILERS__ITALIA,459.0,2985.3388638890647,0.15375139001877022
4020,DIY Soap (500 ml)__E-RETAILERS__ITALIA,163.0,555.3490622266575,0.29350909380571527
4036,Deep pure - Gel detergente viso purificante (100 ml)__CATENA DI NEGOZI__ITALIA,173.0,818.1586948072858,0.21145042043554826
4040,Deep pure - Gel detergente viso purificante (100 ml)__DISTRIBUTORI__REPUBBLICA CECA,160.0,627.1686680689703,0.25511478513847674
4160,Dentifricio WonderWhite Menta & Carbone (75 ml)__DISTRIBUTORI__BULGARIA,560.0,2837.3721734747187,0.19736571932127242
4164,Dentifricio WonderWhite Menta & Carbone (75 ml)__DISTRIBUTORI__PORTOGALLO,135.0,455.84266208952266,0.29615481662286236
4167,Dentifricio WonderWhite Menta & Carbone (75 ml)__DISTRIBUTORI__SPAGNA,680.0,7418.917177410333,0.09165758071413901
4310,Detergente viso solido lenitivo - No Stress (70 g)__E-RETAILERS__AUSTRIA,115.0,408.37180690777126,0.2816061198513936
4343,Detergente viso solido purificante - Bye Bye Impurità (70 g)__E-RETAILERS__ITALIA,727.0,3559.5835922034566,0.20423737248153
4520,Eco-Bagnodoccia in polvere - energizzante e tonific (MANDARINO E VITAMIN) (25 g)__0__ITALIA,109.0,1707.8187204227797,0.06382410421933803
4603,Eco-Sapone mani in polvere - addolcente e nutriente (POMPELMO & MAND. DO (25g)__STRUTTURA RICETTIVA__ITALIA,182.0,640.9674542286319,0.283945774156391
4606,Eco-Sapone mani in polvere - rinfrescante e igienizzante (TEA TREE & LAV (25 g)__BIOSTORIE__ITALIA,520.0,1766.3526771111067,0.2943919449033626
4732,Econea - Detergente intimo - bardana e calendula (200 ml)__DISTRIBUTORI__REPUBBLICA CECA,1500.0,73753.86487010062,0.020337917241921938
4734,"Econea - Organic deodorant Soft - Iris, Bardana, Calendula (50 ml)__DISTRIBUTORI__REPUBBLICA CECA",1000.0,31763.848224557823,0.03148233151507324
4736,Econea - Sapone all'olio extrav. d'oliva - ROSA e KARITE' (100 g)__DISTRIBUTORI__REPUBBLICA CECA,750.0,121727.76746491513,0.0061612893723378935
4740,Emergency - Cofanetto solidale: Crema Corpo AHA & Gel doccia rivitalizzante__DISTRIBUTORI__ITALIA,224.0,11536.000055999972,0.019417475633895797
4750,Emergency - Crema corpo AHA levigante (150 ml)__DISTRIBUTORI__ITALIA,200.0,10300.000049999975,0.019417475633895797
4754,Emergency - Crema corpo AHA levigante (150 ml)__NEGOZI AL DETTAGLIO__ITALIA,222.0,1757.6805778165876,0.1263028122412157
4760,Emergency - Gel doccia rivitalizzante (150 ml)__DISTRIBUTORI__ITALIA,280.0,14420.000069999965,0.019417475633895797
4764,Emergency - Gel doccia rivitalizzante (150 ml)__NEGOZI AL DETTAGLIO__ITALIA,230.0,1560.7571386052907,0.14736437483510756
4931,Estratto liposolubile di calendula (30 ml)__E-RETAILERS__ITALIA,238.0,2165.999999999999,0.10987996306555868
5020,"FLACONE 100 ml VETRO AMBRA TR LU H 56,2 mm__NEGOZI AL DETTAGLIO__ITALIA",170.0,707.6258767994093,0.24023994256528566
5152,Fitoretinolo Attivo Puro (30 ml)__DISTRIBUTORI__SPAGNA,360.0,118571.63981277541,0.0030361391692688058
5193,Flacone refill alluminio -  Eco-Bagnodoccia__E-RETAILERS__ITALIA,114.0,408.0,0.27941176470588236
5225,Flacone refill alluminio -  Eco-Shampoo__E-RETAILERS__ITALIA,102.0,759.9999999999999,0.1342105263157895
5316,Gel di aloe bio (1 L)__E-RETAILERS__ITALIA,323.0,1761.9143237685644,0.1833233294279226
5328,Gel di aloe bio (100 ml)__E-RETAILERS__AUSTRIA,280.0,1203.4849390431084,0.23265766850612038
5348,Gel esfoliante viso Wonderscrub (100 ml)__DISTRIBUTORI__REPUBBLICA CECA,120.0,498.8797222743056,0.2405389408351595
5350,Gel esfoliante viso Wonderscrub (100 ml)__E-RETAILERS__AUSTRIA,160.0,2672.092383025402,0.059878169264059825
5474,Idrolato camomilla bio Re-Bottle spray (100 ml)__E-RETAILERS__AUSTRIA,420.0,1461.595476445729,0.2873572111904351
5501,Idrolato elicriso bio Re-Bottle spray (100 ml)__E-RETAILERS__AUSTRIA,420.0,2953.5763999470955,0.14220048616569494
5505,Idrolato elicriso bio Re-Bottle spray (100 ml)__E-RETAILERS__ITALIA,873.0,4260.795673438396,0.20489130831648225
5509,Idrolato elicriso bio Re-Bottle spray (100 ml)__LASAPONARIA E-COMMERCE__ITALIA,1094.0,27892.08785157864,0.039222592651416796
5528,Idrolato fiori d'arancio bio Re-Bottle spray (100 ml)__DISTRIBUTORI__REPUBBLICA CECA,700.0,2439.2510626659246,0.28697332993470165
5530,Idrolato fiori d'arancio bio Re-Bottle spray (100 ml)__E-RETAILERS__AUSTRIA,420.0,1822.2518119408471,0.2304840622178697
5578,Idrolato hamamelis bio Re-Bottle spray (100 ml)__DISTRIBUTORI__ITALIA,103.0,439.50588635976067,0.23435408534139318
5640,Idrolato rosa bio Re-Bottle spray (100 ml)__DISTRIBUTORI__ROMANIA,135.0,1727.4212468327294,0.07815117490740948
5941,Leggera - Crema gel Piedi&Gambe (150 ml)__E-RETAILERS__ITALIA,546.1428468113984,1929.3036830242713,0.28307769876606187
6027,Lozione Anti-caduta (30 ml)__DISTRIBUTORI__REPUBBLICA CECA,150.0,1278.2489194986383,0.11734803582610014
6199,Maschera viso lenitiva - No Stress (35 ml)__LASAPONARIA E-COMMERCE__ITALIA,223.0,1049.063406261756,0.21257056405640976
6229,Maschera viso peel-off (13 g)__NEGOZI AL DETTAGLIO__ITALIA,1567.0,8192.80168620379,0.19126546205051426
6271,Maticao LAMPONE - balsamo labbra temperabile (box segnalibro)__DISTRIBUTORI__ITALIA,1040.0,53560.000259999855,0.0194174756338958
6283,Maticao PESCA - balsamo labbra temperabile (box segnalibro)__DISTRIBUTORI__ITALIA,910.0,46865.000227499884,0.019417475633895797
6299,Maticao VIOLETTA - balsamo labbra temperabile  (box segnalibro)__BIOSTORIE__ITALIA,172.0,1492.4323901742312,0.115248101778279
6301,Maticao VIOLETTA - balsamo labbra temperabile  (box segnalibro)__DISTRIBUTORI__ITALIA,910.0,46865.000227499884,0.019417475633895797
6320,Matita occhi nera eco - extreme black__E-RETAILERS__ITALIA,463.0,2218.000382499808,0.20874658257640769
6334,Maxi Bagnodoccia mediterraneo (1000 ml)__DISTRIBUTORI__REPUBBLICA CECA,144.0,533.2333503163053,0.2700506258931133
6367,Mediterraneo - Cofanetto mani e corpo: Crema mani Menta&limone+Bagnod&Sapone Med__DISTRIBUTORI__ITALIA,224.0,11536.000055999972,0.019417475633895797
6399,Mousse da barba (150 ml)__BIOSTORIE__ITALIA,264.0,2392.033983361849,0.11036632499215795
6409,Mousse da barba (150 ml)__E-RETAILERS__ITALIA,356.0,2208.486789746733,0.16119634568465122
6473,Niacinamide + Zinco (30 ml)__0__ITALIA,492.0,2280.009222052269,0.21578860087115953
6484,Niacinamide + Zinco (30 ml)__DISTRIBUTORI__ROMANIA,386.0,6492.140567354025,0.059456506832433
6485,Niacinamide + Zinco (30 ml)__DISTRIBUTORI__SPAGNA,600.0,156531.4019748233,0.003833096697725257
6522,OE arancio dolce BIO (10 ml)__BIOSTORIE__ITALIA,222.0,977.1540610296098,0.22719037749900212
6553,OE lavanda BIO (10 ml)__E-RETAILERS__ITALIA,280.0,1057.8922016624535,0.2646772511981716
6760,Olio di canapa Bio (100 ml)__BIOSTORIE__ITALIA,106.0,1079.4902683589478,0.09819449337060009
6848,Olio di jojoba (100 ml)__BIOSTORIE__ITALIA,373.0,1828.0598749878409,0.20404145679445043
6907,Olio di mandorla (100 ml)__E-RETAILERS__AUSTRIA,385.0,1326.3707333533093,0.2902657532458132
6945,Olio di mandorle dolci bio (100 ml)__NEGOZI AL DETTAGLIO__ITALIA,1061.0,3772.6461840609186,0.28123496035292866
6994,Olio di ricino (100 ml)__E-RETAILERS__ITALIA,837.0,3839.28840681486,0.2180091494336029
7369,Pantenolo (25 ml)__E-RETAILERS__ITALIA,126.0,428.27662402576175,0.29420237512757835
7377,Patch occhi in silicone Eyestar__0__ITALIA,381.0,2021.9304306454517,0.18843378299537986
7384,Patch occhi in silicone Eyestar__E-RETAILERS__AUSTRIA,240.0,1086.8737486064663,0.2208168154835975
7387,Patch occhi in silicone Eyestar__E-RETAILERS__ITALIA,1709.0,12283.999999999996,0.13912406382285905
7403,Peeling AHA attivo puro (30 ml)__0__ITALIA,882.0,10012.027169236391,0.08809404779784166
7477,Peptidi + Sacha Inchi Attivo Puro (30 ml)__0__ITALIA,255.0,2459.457295073847,0.10368140992354309
7534,"Pieghevole da esposizione ""Biodeo solidi"" / ""Creme solide""__NEGOZI AL DETTAGLIO__ITALIA",337.0,2056.913409287718,0.1638377184369169
7550,"Pieghevole da esposizione ""Linea Bio&Smile""__NEGOZI AL DETTAGLIO__ITALIA",110.0,423.6490629311705,0.2596488688985287
7570,"Pieghevole da esposizione ""Linea smagliature""__NEGOZI AL DETTAGLIO__ITALIA",159.0,988.5585638337426,0.16084024337756977
7581,Pieghevole da esposizione - Linea capelli prebiotica__NEGOZI AL DETTAGLIO__ITALIA,421.0,1557.4809713132527,0.27030827840228244
7614,Porta cosmetici solidi da viaggio__E-RETAILERS__ITALIA,222.0,6749.27144978525,0.03289243908052678
7685,ROSA D'INVERNO Lanterna - Sapone  & Crema mani rosa e Karitè__DISTRIBUTORI__ITALIA,384.0,29235.677685213177,0.013134636526459572
7797,Sapone all'olio extrav. d'oliva - ARANCIA e CANNELLA (100 g)__DISTRIBUTORI__REPUBBLICA CECA,300.0,21698.251945428012,0.013825998552994602
7801,Sapone all'olio extrav. d'oliva - ARANCIA e CANNELLA (100 g)__E-RETAILERS__ITALIA,690.0,6030.0,0.11442786069651742
7826,Sapone all'olio extrav. d'oliva - CALENDULA e GERME DI GRANO (100 g)__DISTRIBUTORI__REPUBBLICA CECA,600.0,2256.492721171972,0.2658993731158031
7858,Sapone all'olio extrav. d'oliva - EXTRAVERGINE (100 g)__E-RETAILERS__ITALIA,394.0,1965.0,0.2005089058524173
7954,Sapone all'olio extrav. d'oliva - MIELE e LAVANDA (100 g)__NEGOZI AL DETTAGLIO__ITALIA,1626.0,5489.640798324727,0.29619424289039203
7974,Sapone all'olio extrav. d'oliva - MIRTO E UVA ROSSA (100 g)__E-RETAILERS__ITALIA,529.0,4341.143771008292,0.12185728644438153
8002,Sapone all'olio extrav. d'oliva - PAPAVERO e CIPRESSO (100 g)__E-RETAILERS__ITALIA,409.0,1511.7386348182597,0.27054941282834233
8166,Scrub corpo - ZENZERO & ALBICOCCA (scacciando via ogni pensiero grigio) (75 ml)__DISTRIBUTORI__ITALIA,876.0,48113.47107055527,0.018206959101233895
8183,Scrub cuoio capelluto detox (100 ml)__DISTRIBUTORI__REPUBBLICA CECA,240.0,938.0491290146626,0.2558501389496504
8212,Scrub cuoio capelluto detox - MENTA BIO E ROSMARINO (100 ml)__NEGOZI AL DETTAGLIO__ITALIA,111.0,2057.5000337499832,0.053948966308249476
8363,Shampoo anti-caduta (150 ml)__DISTRIBUTORI__REPUBBLICA CECA,120.0,719.9999999999999,0.16666666666666669
8401,Shampoo neutro - BIO EXTRAVERGINE (200 ml)__DISTRIBUTORI__REPUBBLICA CECA,216.0,5562.000080999959,0.03883495089075343
8447,Shampoo pre tinta - AVATARA (150 ml)__E-RETAILERS__ITALIA,909.0,3328.2250812306656,0.2731185475183915
8478,Shampoo riequilibrante - SALVIA BIO E LIMONE (200 ml)__DISTRIBUTORI__REPUBBLICA CECA,1296.0,23740.992904320472,0.05458912376677175
8522,Shampoo rinforzante - GIRASOLE BIO E ARANCIO (200 ml)__DISTRIBUTORI__REPUBBLICA CECA,972.0,24764.814046193656,0.03924923474841904
8606,Shampoo solido rinforzante - CALENDULA BIO E AMMINOACIDI (50 g)__E-RETAILERS__ITALIA,832.0,3504.3155588908203,0.23742154095944007
8668,Siero bioattivo anti-imperfezioni (15 ml)__BIOSTORIE__ITALIA,322.0,1089.3540735508734,0.29558800744224917
8857,Spazzolino fibra vegetale Bimbi (Albicocca)__BIOSTORIE__ITALIA,120.0,452.1457649463393,0.2654011367644716
8874,Spazzolino fibra vegetale Bimbi (Verde)__BIOSTORIE__ITALIA,132.0,2197.65168505138,0.060064113388793874
8998,Stay pure - Crema viso intensiva anti-imperfezioni  (50 ml)__CATENA DI NEGOZI__ITALIA,165.0,1272.5277354755135,0.1296631856423494
9099,TAPPO PP LDPE BIANCO SAT OP diam. 24 mm__NEGOZI AL DETTAGLIO__ITALIA,170.0,707.6258767994093,0.24023994256528566
9152,Testine Intercambiabili setole medie__DISTRIBUTORI__ITALIA,471.0,1838.2620533601332,0.25622027019437504
9153,Testine Intercambiabili setole medie__DISTRIBUTORI__PORTOGALLO,120.0,420.3724995549012,0.28546110919971784
9157,Testine Intercambiabili setole medie__E-RETAILERS__ITALIA,1063.0,5783.801474732416,0.18378915746743868
9185,Testine Intercambiabili setole morbide__E-RETAILERS__ITALIA,567.0,2990.9999999999986,0.18956870611835516
9246,Tinta vegetale color castano scuro - RATRI (100 g)__0__ITALIA,242.0,3873.495987991752,0.06247586179260948
9306,Tinta vegetale color nocciola - LAKSHMI (100 g)__LASAPONARIA E-COMMERCE__ITALIA,965.0,33418.426202243376,0.02887628502192062
9319,Tinta vegetale color rame - PARVATI (100 g)__0__ITALIA,202.0,1150.7319494655796,0.1755404463166356
9321,Tinta vegetale color rame - PARVATI (100 g)__BIOSTORIE__ITALIA,458.0,1604.709457586733,0.2854099213005016
9353,Tinta vegetale color rosé - SHAKTI (100 g)__E-RETAILERS__ITALIA,138.0,1200.0,0.115
9369,Tinta vegetale color sabbia - DEVI (100 g)__BIOSTORIE__ITALIA,176.0,1505.9271797884892,0.1168715209886308
9488,Unguento balsamico al Timo (50 ml)__E-RETAILERS__ITALIA,158.0,608.5524665345168,0.259632502846882
9509,VASO 50 ml VETRO AMBRA TR LU + SOTTOTAPPO PP BIANCO + TAPPO NERO diam. 56 mm__E-RETAILERS__AUSTRIA,541.0,64786.97482009868,0.008350443920282679
9552,Vitamina C Attivo Puro (30 ml)__DISTRIBUTORI__SPAGNA,4563.0,29958.28266981294,0.15231180139033287
9750,WOW Siero rinforzante ciglia&sopracciglia (10 ml)__DISTRIBUTORI__REPUBBLICA CECA,880.0,3778.1325312394074,0.23291930410692027
10002,Zaino in cotone riciclato azzurro La Saponaria__BIOSTORIE__ITALIA,301.0,2130.379332437788,0.1412893917139003
10046,maxi Shampoo riequilibrante - SALVIA BIO E LIMONE (1000 ml)__E-RETAILERS__AUSTRIA,112.0,628.5191248876162,0.17819664599709106
10105,mini Detergente intimo - bardana e calendula (30 ml)__NEGOZI AL DETTAGLIO__ITALIA,208.0,1266.1576862405245,0.16427653700669276
10129,mini Shampoo neutro - BIO EXTRAVERGINE (30 ml)__STRUTTURA RICETTIVA__ITALIA,2240.0,25378.324456165934,0.08826429829396275
2,ARANCIA E CANNELLA Lanterna - Sapone arancia e cannella & spugna cotone e canapa__E-RETAILERS__ITALIA,120.0,12.000023999988006,9.999980000049995
4,ARANCIA E CANNELLA Lanterna - Sapone arancia e cannella & spugna cotone e canapa__LASAPONARIA E-COMMERCE__ITALIA,3373.0,1011.0006284996862,3.336298618335673
40,Acidi della frutta AHA - Attivo capelli anticrespo spray (100 ml)__DISTRIBUTORI__ITALIA,234.0,74.75733676919262,3.130127558214875
42,Acidi della frutta AHA - Attivo capelli anticrespo spray (100 ml)__DISTRIBUTORI__REPUBBLICA CECA,1470.0,204.1523235893191,7.200505848550175
52,Acidi della frutta AHA - Attivo capelli anticrespo spray (100 ml)__LASAPONARIA E-COMMERCE__ITALIA,3855.0,0.0,inf
66,Acidi della frutta AHA - Attivo capelli anticrespo spray (100 ml)__PRIVATE LABEL__ITALIA,390.0,73.94062389088093,5.274502424750281
67,Acidi della frutta AHA - Attivo capelli anticrespo spray (100 ml)__STRUTTURA RICETTIVA__AUSTRIA,127.0,14.830153733343854,8.563633410923817
77,Acido ialuronico - multiplo peso molecolare (30 ml)__DISTRIBUTORI__CINA,120.0,5.447711617550493e-13,220275977189036.22
78,Acido ialuronico - multiplo peso molecolare (30 ml)__DISTRIBUTORI__GRECIA,120.0,7.918665020579777e-13,151540694912756.9
102,Acido ialuronico - multiplo peso molecolare (30 ml)__LASAPONARIA E-COMMERCE__ITALIA,34787.0,2254.4355690675584,15.430469815727761
118,Acido ialuronico - multiplo peso molecolare (30 ml)__NEGOZI AL DETTAGLIO__LITUANIA,120.0,2.5570011631630778e-08,4692997474.101922
126,Acido ialuronico - multiplo peso molecolare (30 ml)__NON PIU' CLIENTE__0,196.0,47.01475981187811,4.16890356952289
203,"Acqua micellare in polvere viso occhi labbra (8,5g)__E-RETAILERS__ITALIA",347.0,41.166986918627735,8.429084224354181
206,"Acqua micellare in polvere viso occhi labbra (8,5g)__LASAPONARIA E-COMMERCE__ITALIA",2576.0,67.22461117816471,38.31929935857648
222,"Acqua micellare rosa, fiordaliso e prebiotici (200 ml)__BIOSTORIE__ITALIA",820.0,215.6406552701096,3.80262246454814
241,"Acqua micellare rosa, fiordaliso e prebiotici (200 ml)__LASAPONARIA E-COMMERCE__ITALIA",4000.0,568.7564328806169,7.032887487075874
257,"Acqua micellare rosa, fiordaliso e prebiotici (200 ml)__PRIVATE LABEL__ITALIA",410.0,79.37406896813084,5.165414918625595
258,"Acqua micellare rosa, fiordaliso e prebiotici (200 ml)__STRUTTURA RICETTIVA__AUSTRIA",154.0,40.46282934297066,3.8059622250996497
271,Amido di riso italiano (30 g)__BIOSTORIE__ITALIA,740.0,105.60993226492613,7.006916718246582
273,Amido di riso italiano (30 g)__CATENA DI NEGOZI__ITALIA,285.0,45.00000000000003,6.3333333333333295
274,Amido di riso italiano (30 g)__DISTRIBUTORI__ITALIA,180.0,38.58600442675112,4.664903834282686
282,Amido di riso italiano (30 g)__LASAPONARIA E-COMMERCE__ITALIA,1770.0,201.87507768853655,8.767798483430672
289,Amido di riso italiano (30 g)__PRIVATE LABEL__ITALIA,267.0,80.98103649856948,3.297068197005808
293,Applicatore biodeo roll on refill - verde salvia + scatolina__BIOSTORIE__ITALIA,1667.0,198.5940895273825,8.394006105454368
296,Applicatore biodeo roll on refill - verde salvia + scatolina__DISTRIBUTORI__ITALIA,486.0,0.0,inf
298,Applicatore biodeo roll on refill - verde salvia + scatolina__DISTRIBUTORI__REPUBBLICA CECA,768.0,218.767811166201,3.5105713034562456
324,Applicatore deodorante bianco - Kiima__LASAPONARIA E-COMMERCE__ITALIA,427.0,0.0,inf
340,Applicatore deodorante grigio - Kiima__LASAPONARIA E-COMMERCE__ITALIA,461.0,101.72786934760332,4.531698176286055
398,Argilla bianca (100 g)__BIOSTORIE__ITALIA,285.0,94.05126398720044,3.030262305021079
403,Argilla bianca (100 g)__E-RETAILERS__ITALIA,420.0,8.842460342985312,47.49809257931072
424,Argilla verde (100 g)__LASAPONARIA E-COMMERCE__ITALIA,765.0,220.05660440200023,3.476378280392326
463,BB cream BEIGE (30 ml)__PRIVATE LABEL__ITALIA,110.0,14.76698887503344,7.4490473942170485
467,BB cream FAIR (30 ml)__BIOSTORIE__ITALIA,172.0,23.31979478921018,7.375708129283477
482,BB cream FAIR (30 ml)__LASAPONARIA E-COMMERCE__ITALIA,417.0,86.9537218802771,4.795654412287833
491,BB cream FAIR (30 ml)__PRIVATE LABEL__ITALIA,120.0,26.97286890826098,4.4489149599969915
496,BB cream SAND (30 ml)__BIOSTORIE__ITALIA,399.0,113.69421584603089,3.509413359606097
507,BB cream SAND (30 ml)__E-RETAILERS__ITALIA,251.0,59.60606292070676,4.210981026106393
530,Bagnodoccia mediterraneo (200 ml)__CATENA DI NEGOZI__ITALIA,342.0,48.000000000000114,7.124999999999983
538,Bagnodoccia mediterraneo (200 ml)__E-RETAILERS__GRAN BRETAGNA,162.0,22.50574648769478,7.198161593465694
546,Bagnodoccia mediterraneo (200 ml)__LASAPONARIA E-COMMERCE__ITALIA,2352.0,211.34719326586952,11.128607688871659
576,Balsamo Moringa & girasole (150 ml)__E-RETAILERS__ITALIA,1112.0,364.99999999999966,3.0465753424657565
584,Balsamo Moringa & girasole (150 ml)__LASAPONARIA E-COMMERCE__ITALIA,2647.0,99.43678549540988,26.619927291617735
606,Balsamo Moringa & limone (150 ml)__CATENA DI NEGOZI__ITALIA,257.0,56.00000000000006,4.58928571428571
611,Balsamo Moringa & limone (150 ml)__DISTRIBUTORI__SPAGNA,180.0,1.4210854715202004e-14,1.266637395197952e+16
620,Balsamo Moringa & limone (150 ml)__LASAPONARIA E-COMMERCE__ITALIA,2467.0,294.9349602585976,8.364556029020589
645,Balsamo leave in Moringa & lino (150 ml)__CATENA DI NEGOZI__ITALIA,347.0,38.00000000000014,9.131578947368387
663,Balsamo leave in Moringa & lino (150 ml)__LASAPONARIA E-COMMERCE__ITALIA,3209.0,141.92236103803498,22.61095416204352
706,Balsamo solido lucidante - LIMONE BIO E SPIRULINA (40 g)__LASAPONARIA E-COMMERCE__ITALIA,1263.0,360.98321830145176,3.4987776050721764
718,Balsamo solido lucidante - LIMONE BIO E SPIRULINA (40 g)__PRIVATE LABEL__ITALIA,103.0,19.6074112898482,5.253115695763906
737,Balsamo solido ristrutturante - COCCO BIO E AMLA (40 g)__LASAPONARIA E-COMMERCE__ITALIA,1323.0,129.73812997172803,10.197464695138603
758,Barra sapone all'olio extrav. d'oliva - ARANCIA e CANNELLA (1 kg)__LASAPONARIA E-COMMERCE__ITALIA,129.0,33.766409194369785,3.8203647671695418
789,Barra sapone all'olio extrav. d'oliva - MANDORLA e ZENZERO (1 kg)__LASAPONARIA E-COMMERCE__ITALIA,151.0,0.0,inf
795,Barra sapone all'olio extrav. d'oliva - MEDITERRANEO CON ALOE (1 kg)__BIOSTORIE__ITALIA,132.0,23.28211081658463,5.669589026522972
798,Barra sapone all'olio extrav. d'oliva - MEDITERRANEO CON ALOE (1 kg)__LASAPONARIA E-COMMERCE__ITALIA,132.0,36.17699367553275,3.6487277296696528
809,Barra sapone all'olio extrav. d'oliva - MIELE e LAVANDA (1 kg)__LASAPONARIA E-COMMERCE__ITALIA,146.0,0.0,inf
840,Barra sapone all'olio extrav. d'oliva - ROSA e KARITE' (1 kg)__LASAPONARIA E-COMMERCE__ITALIA,161.0,32.5078965322965,4.952642809110918
863,Biglietto Ecoauguri__PRIVATE LABEL__ITALIA,400.0,4.5372141900231076e-14,8815982302082213.0
864,Biglietto Ecoauguri__STRUTTURA RICETTIVA__AUSTRIA,200.0,1.227427277126575e-13,1629424437007811.0
867,Biglietto auguri di Natale__LASAPONARIA E-COMMERCE__ITALIA,1400.0,65.67669529547629,21.31654148707494
868,Biglietto auguri di Natale__PRIVATE LABEL__ITALIA,400.0,4.5372141900231076e-14,8815982302082213.0
869,Biglietto auguri di Natale__STRUTTURA RICETTIVA__AUSTRIA,200.0,1.227427277126575e-13,1629424437007811.0
888,Bio bagnetto corpo e capelli (190 ml)__LASAPONARIA E-COMMERCE__ITALIA,3540.0,403.7557899722594,8.767676124825902
921,Bio crema lenitiva viso e corpo (150 ml)__LASAPONARIA E-COMMERCE__ITALIA,1317.0,182.62721000368626,7.211411705700464
934,Bio crema lenitiva viso e corpo (150 ml)__PRIVATE LABEL__ITALIA,171.0,27.216159593796107,6.283031939560615
950,Bio detergente cambio pannolino (190 ml)__LASAPONARIA E-COMMERCE__ITALIA,2757.0,632.8738500377806,4.356318403478696
1002,Bio pasta protettiva per il cambio (50 ml)__LASAPONARIA E-COMMERCE__ITALIA,1560.0,152.08062488573609,10.257716925953499
1014,Bio pasta protettiva per il cambio (50 ml)__PRIVATE LABEL__ITALIA,160.0,36.56101169318957,4.376246514803203
1027,"Biocao balsamo labbra ALBICOCCOLO (5,7 ml)__DISTRIBUTORI__REPUBBLICA CECA",840.0,51.94238052735267,16.171765550053276
1041,"Biocao balsamo labbra ALBICOCCOLO (5,7 ml)__LASAPONARIA E-COMMERCE__ITALIA",6247.0,1947.3099913190101,3.2080151736748372
1083,"Biocao balsamo labbra IALURONICO (5,7 ml)__LASAPONARIA E-COMMERCE__ITALIA",11690.0,2477.3420258188853,4.718767081075884
1097,"Biocao balsamo labbra IALURONICO (5,7 ml)__PRIVATE LABEL__ITALIA",2149.0,659.9833507056389,3.256142746180398
1112,"Biocao balsamo labbra MELOGRANO (5,7 ml)__DISTRIBUTORI__REPUBBLICA CECA",360.0,0.0,inf
1155,"Biodeo Fresh - Tea tree, Zenzero, Lime (50 ml)__DISTRIBUTORI__REPUBBLICA CECA",720.0,157.43128331039273,4.573423940021136
1168,"Biodeo Fresh - Tea tree, Zenzero, Lime (50 ml)__LASAPONARIA E-COMMERCE__ITALIA",3715.0,1165.9767318677611,3.1861699281502776
1192,"Biodeo Soft - Iris, Bardana, Calendula (50 ml)__DISTRIBUTORI__CINA",244.0,0.0,inf
1207,"Biodeo Soft - Iris, Bardana, Calendula (50 ml)__LASAPONARIA E-COMMERCE__ITALIA",2699.0,215.91756383489624,12.500141035602923
1221,"Biodeo Soft - Iris, Bardana, Calendula (50 ml)__PRIVATE LABEL__ITALIA",292.0,72.1765109003195,4.045637512227089
1238,Biodeo Solido Cotton Cloud - neutro (40 g)__LASAPONARIA E-COMMERCE__ITALIA,1536.0,321.9999513326602,4.770187056373647
1267,Biodeo Solido Himalaya - fresco (40 g)__LASAPONARIA E-COMMERCE__ITALIA,2810.0,205.2183331820177,13.692733765202547
1281,Biodeo Solido Himalaya - fresco (40 g)__PRIVATE LABEL__ITALIA,284.0,92.89616818978729,3.0571766902138173
1299,Biodeo Solido Summer Crush - tropicale (40 g)__LASAPONARIA E-COMMERCE__ITALIA,1636.0,194.41125176102662,8.415150795958029
1318,Biodeo Solido Sweet Hug - floreale (40 g)__DISTRIBUTORI__REPUBBLICA CECA,360.0,3.552713678800501e-14,1.0133099161583616e+16
1328,Biodeo Solido Sweet Hug - floreale (40 g)__LASAPONARIA E-COMMERCE__ITALIA,1458.0,192.27284860427693,7.582973938253537
1344,Biodeo refill Alaska - fresco sport (40 ml)__BIOSTORIE__ITALIA,1533.0,182.8623257500367,8.38335613261056
1347,Biodeo refill Alaska - fresco sport (40 ml)__DISTRIBUTORI__ITALIA,484.21635163975924,82.74139018950972,5.852166014261024
1354,Biodeo refill Alaska - fresco sport (40 ml)__E-RETAILERS__ITALIA,614.0,0.0,inf
1371,Biodeo refill Grace - delicato (40 ml)__BIOSTORIE__ITALIA,561.0,93.81043063293548,5.980145237741197
1374,Biodeo refill Grace - delicato (40 ml)__DISTRIBUTORI__ITALIA,409.6584079648,2.431490193752321,168.48038664412934
1380,Biodeo refill Grace - delicato (40 ml)__E-RETAILERS__ITALIA,412.0,0.0,inf
1394,Biodeo refill Grace - delicato (40 ml)__STRUTTURA RICETTIVA__ITALIA,119.0,13.115618542286928,9.073151953628743
1396,Biodeo refill Sunrise - tropicale (40 ml)__BIOSTORIE__ITALIA,1017.0,91.14738086528953,11.157753413705503
1399,Biodeo refill Sunrise - tropicale (40 ml)__DISTRIBUTORI__ITALIA,409.75650349783587,2.6470948859337726,154.79479246294292
1401,Biodeo refill Sunrise - tropicale (40 ml)__DISTRIBUTORI__REPUBBLICA CECA,480.0,84.80917536720231,5.659764971439956
1421,Biodeo refill Sunrise - tropicale (40 ml)__STRUTTURA RICETTIVA__ITALIA,139.0,45.2962367576447,3.068687598568347
1436,Biodeo spray canapa (100 ml)__LASAPONARIA E-COMMERCE__ITALIA,1317.0,256.99227574943006,5.1246676428675535
1457,Biospray protettivo - Difesa naturale (100 ml)__DISTRIBUTORI__BULGARIA,201.22646674350315,1.0165310877166995,197.95407063791012
1531,Brufolo Kill - Siero urto localizzato (15 ml)__LASAPONARIA E-COMMERCE__ITALIA,1791.0,175.50111032719582,10.205063641255293
1549,Buono Regalo Negozio__STRUTTURA RICETTIVA__AUSTRIA,130.0,0.0,inf
1550,Buono Regalo Negozio__STRUTTURA RICETTIVA__ITALIA,137.0,25.99999999999997,5.269230769230775
1556,Burro di cacao (100 g)__E-RETAILERS__ITALIA,213.0,21.000000000000043,10.142857142857123
1579,Burro di karitè BIO (50 ml)__LASAPONARIA E-COMMERCE__ITALIA,1773.0,195.1929998663163,9.083317543222817
1624,Burro smagliature ultra-elasticizzante (150 ml)__LASAPONARIA E-COMMERCE__ITALIA,747.0,120.86233864665859,6.180585353257616
1672,Busta carta avana con manico piatto L 25+(11x31) (pz)__PRIVATE LABEL__ITALIA,1000.0,6.543160564869151,152.83134046397925
1673,Busta carta avana con manico piatto L 25+(11x31) (pz)__STRUTTURA RICETTIVA__AUSTRIA,250.0,0.0,inf
1675,Busta carta avana con manico piatto M (18x8x24) (pz)__BIOSTORIE__SPAGNA,500.0,0.0,inf
1679,Busta carta avana con manico piatto M (18x8x24) (pz)__STRUTTURA RICETTIVA__ITALIA,2000.0,0.0,inf
1707,CBD Crema-gel viso Antiage (50 ml)__E-RETAILERS__ITALIA,472.0,21.000000000000014,22.47619047619046
1757,Campione singolo Balsamo Moringa & Girasole (5 ml)__E-RETAILERS__AUSTRIA,3885.062054857291,489.02441676517435,7.9445154917957135
1774,Campione singolo Balsamo Moringa & Limone (5 ml)__0__ITALIA,2400.0,6.392529499304201e-07,3754382361.8823028
1787,Campione singolo Balsamo leave in Moringa & Lino (5 ml)__E-RETAILERS__AUSTRIA,3885.062054857291,489.02441676517435,7.9445154917957135
1920,Campione singolo Crema viso protettiva SPF 30 (3 ml)__DISTRIBUTORI__REPUBBLICA CECA,2500.0,5.327186061979196e-07,4692909109.825951
1921,Campione singolo Crema viso protettiva SPF 30 (3 ml)__E-RETAILERS__AUSTRIA,2500.0,5.327186061979196e-07,4692909109.825951
2002,Campione singolo Shampoo - GIRASOLE E ARANCIO DOLCE (8 ml)__DISTRIBUTORI__REPUBBLICA CECA,1250.0,2.663511221474828e-07,4693053252.119792
2003,Campione singolo Shampoo - GIRASOLE E ARANCIO DOLCE (8 ml)__E-RETAILERS__AUSTRIA,1250.0,2.663511221474828e-07,4693053252.119792
2016,Campione singolo Shampoo - SALVIA E LIMONE (8 ml)__DISTRIBUTORI__REPUBBLICA CECA,1250.0,2.663511221474828e-07,4693053252.119792
2071,Campione singolo Wonder mask hair forza (5 ml)__E-RETAILERS__AUSTRIA,3885.062054857291,489.02441676517435,7.9445154917957135
2132,Campioni Bagnodoccia mediterraneo (25 pz)__LASAPONARIA E-COMMERCE__ITALIA,190.0,18.12302664362744,10.48390005357131
2196,Campioni Balsamo leave in Moringa & Lino (25 pz)__E-RETAILERS__ITALIA,194.0,10.769050196124542,18.014587773935233
2201,Campioni Balsamo leave in Moringa & Lino (25 pz)__LASAPONARIA E-COMMERCE__ITALIA,221.0,72.23373934353019,3.0595121062328676
2219,Campioni Bio Bagnetto corpo e capelli (25 pz)__LASAPONARIA E-COMMERCE__ITALIA,131.0,4.756455113291528,27.54151923644378
2252,Campioni Bio pasta protettiva per il cambio (25 pz)__LASAPONARIA E-COMMERCE__ITALIA,106.0,3.399791794925787,31.178379852026744
2316,Campioni Crema corpo idratante - Sorbetto di fiori e radici (25 pz)__LASAPONARIA E-COMMERCE__ITALIA,173.0,46.51806957100019,3.718984936293441
2336,Campioni Crema corpo nutriente - Soffice di Karitè (25 pz)__LASAPONARIA E-COMMERCE__ITALIA,211.0,59.55427863757296,3.5429864121782764
2355,Campioni Crema notte Deep Care (25 pz)__NEGOZI AL DETTAGLIO__ITALIA,451.0,9.0,50.111111111111114
2389,Campioni Crema viso IDRATANTE - ALOE VERA E ARGAN Linea Argan (25 pz)__LASAPONARIA E-COMMERCE__ITALIA,166.0,0.0,inf
2408,Campioni Crema viso Lift & Defence (25 pz)__NEGOZI AL DETTAGLIO__ITALIA,546.0,16.8461657906436,32.41093592366577
2418,Campioni Crema viso NUTRIENTE - ARGAN E KARITé linea Argan (25 pz)__LASAPONARIA E-COMMERCE__ITALIA,156.0,38.84388160702512,4.016076497663575
2420,Campioni Crema viso NUTRIENTE - ARGAN E KARITé linea Argan (25 pz)__NEGOZI AL DETTAGLIO__ITALIA,246.0,4.737679472250331,51.92415431243884
2450,Campioni Crema viso no-age melagrana (25 pz)__BIOSTORIE__ITALIA,197.0,31.26234997679109,6.301509648067121
2460,Campioni Crema viso no-age melagrana (25 pz)__LASAPONARIA E-COMMERCE__ITALIA,283.0,87.46352199128513,3.2356346229482744
2480,Campioni Crema viso nutriente mirtilla (25 pz)__LASAPONARIA E-COMMERCE__ITALIA,415.0,110.26706813177123,3.763589683041787
2491,Campioni Crema viso protettiva SPF 30 (25 pz)__BIOSTORIE__ITALIA,120.0,10.630702611754245,11.28805916057866
2509,Campioni Crema viso protettiva SPF 30 (25 pz)__NEGOZI AL DETTAGLIO__ITALIA,278.0,15.27180794323256,18.203476695972395
2525,Campioni Deep pure - Gel detergente viso purific (25 pz)__LASAPONARIA E-COMMERCE__ITALIA,191.0,12.747273919330144,14.983595803206592
2555,Campioni Detergente corpo Vaniglia e Carota - Dolce Schiuma (25 pz)__LASAPONARIA E-COMMERCE__ITALIA,102.0,30.92841625625707,3.297938024206609
2577,Campioni Detergente intimo (25 pz)__LASAPONARIA E-COMMERCE__ITALIA,165.0,11.212391115305085,14.715861969421713
2648,Campioni Latte struccante melissa (25 pz)__LASAPONARIA E-COMMERCE__ITALIA,248.0,75.35804553055762,3.290955839604893
2669,Campioni Olio gel struccante (25 pz)__LASAPONARIA E-COMMERCE__ITALIA,420.0,111.14179649557641,3.7789563714377836
2702,Campioni Shampoo - GIRASOLE E ARANCIO DOLCE (25 pz)__LASAPONARIA E-COMMERCE__ITALIA,293.0,63.97970630182397,4.579577133689453
2735,Campioni Shampoo - SALVIA E LIMONE (25 pz)__LASAPONARIA E-COMMERCE__ITALIA,225.0,0.0,inf
2737,Campioni Shampoo - SALVIA E LIMONE (25 pz)__NEGOZI AL DETTAGLIO__ITALIA,732.0,13.336599230777082,54.886555960289485
2766,Campioni Shampoo neutro - EXTRAVERGINE (8 ml) (25 pz)__BIOSTORIE__ITALIA,121.0,33.25744056592438,3.6382835822903576
2784,Campioni Shampoo neutro - EXTRAVERGINE (8 ml) (25 pz)__LASAPONARIA E-COMMERCE__ITALIA,242.0,74.00000000000001,3.2702702702702697
2802,Campioni Siero Urto Smagliature (25 pz)__LASAPONARIA E-COMMERCE__ITALIA,112.0,0.7913222931640256,141.53525177734957
2818,Campioni Stay matte Crema primer opacizzante e levigante (25 pz)__LASAPONARIA E-COMMERCE__ITALIA,227.0,8.904140264612332,25.493758325232662
2836,Campioni Stay pure Crema viso intensiva anti-imperfezioni (25 pz)__LASAPONARIA E-COMMERCE__ITALIA,205.0,28.886698135162202,7.096692015155054
2898,Campioni omaggio (se disponibili) circa:__LASAPONARIA E-COMMERCE__ITALIA,1646.0,63.15723404565001,26.061939299150946
2913,Campioni omaggio MISTI (25 pz)__LASAPONARIA E-COMMERCE__ITALIA,2934.0,259.0606825461662,11.32553180653781
2916,Campioni omaggio MISTI (25 pz)__NEGOZI AL DETTAGLIO__ITALIA,1165.0,222.00091476847038,5.247726124079281
2924,Campioni omaggio MISTI (25 pz)__PRIVATE LABEL__ITALIA,587.0,85.25010355537297,6.885622134390988
2943,"Cartello A3 ""La Saponaria per Pesaro 2024""__NEGOZI AL DETTAGLIO__ITALIA",127.0,28.98777667967822,4.38115697534792
3003,Cheratina vegetale - Attivo capelli ristrutturante spray (100 ml)__CATENA DI NEGOZI__ITALIA,144.55382893798196,43.84558484097057,3.2968844973167455
3007,Cheratina vegetale - Attivo capelli ristrutturante spray (100 ml)__DISTRIBUTORI__REPUBBLICA CECA,490.0,8.558411947210219e-14,5725361235500297.0
3019,Cheratina vegetale - Attivo capelli ristrutturante spray (100 ml)__LASAPONARIA E-COMMERCE__ITALIA,4978.0,630.8991940158933,7.890325502420276
3037,Cheratina vegetale - Attivo capelli ristrutturante spray (100 ml)__PRIVATE LABEL__ITALIA,412.0,60.098740450511755,6.8553849367152875
3044,Coco silicone (100 ml)__E-RETAILERS__ITALIA,155.0,29.000000000000007,5.344827586206895
3057,Coenzima Q10 R-PET (30 ml)__CATENA DI NEGOZI__ITALIA,947.0,226.0000000000004,4.190265486725656
3077,Coenzima Q10 R-PET (30 ml)__LASAPONARIA E-COMMERCE__ITALIA,3678.0,666.3245250455233,5.5198328468379865
3101,Collagene Vegetale Attivo Puro (30 ml)__CATENA DI NEGOZI__ITALIA,2840.0,840.0000000000003,3.3809523809523796
3125,Collagene Vegetale Attivo Puro (30 ml)__LASAPONARIA E-COMMERCE__ITALIA,11420.0,2802.3432388587316,4.075161044387572
3148,Collagene Vegetale Attivo Puro (30 ml)__PRIVATE LABEL__ITALIA,1633.0,218.1664399187664,7.48511091168762
3156,Collutorio Extra Fresco Menta & Solidago (250 ml)__CATENA DI NEGOZI__ITALIA,210.0,24.518605927007012,8.564924148835354
3171,Collutorio Extra Fresco Menta & Solidago (250 ml)__LASAPONARIA E-COMMERCE__ITALIA,1312.0,384.2249510044709,3.414666321304921
3175,Collutorio Extra Fresco Menta & Solidago (250 ml)__NEGOZI AL DETTAGLIO__ITALIA,1078.0,73.5845252342756,14.649819327744586
3180,Collutorio Extra Fresco Menta & Solidago (250 ml)__PRIVATE LABEL__ITALIA,111.0,13.412560304817461,8.275824859488724
3197,Collutorio Protettivo Arancia & Xilitolo (250 ml)__LASAPONARIA E-COMMERCE__ITALIA,791.0,54.98154934743353,14.38664441777727
3205,Collutorio Protettivo Arancia & Xilitolo (250 ml)__PRIVATE LABEL__ITALIA,109.0,12.871281177779059,8.468465453786937
3222,Conservante NOBACT (10 ml)__LASAPONARIA E-COMMERCE__ITALIA,137.0,45.16396443135754,3.033391814135791
3236,Contorno occhi Lift & restore (15 ml)__DISTRIBUTORI__REPUBBLICA CECA,220.0,58.37678889401706,3.7686211278151927
3250,Contorno occhi Lift & restore (15 ml)__NEGOZI AL DETTAGLIO__ITALIA,3505.0,339.3939818547077,10.327230850841861
3255,Corpo - Cofanetto Holiday Vibes: Crema corpo solida Coccola & Sapone da doccia M__LASAPONARIA E-COMMERCE__ITALIA,112.0,0.0,inf
3256,Corpo - Cofanetto Holiday Vibes: Crema corpo solida Coccola & Sapone da doccia M__PRIVATE LABEL__ITALIA,513.0,87.93987264994522,5.833531304304426
3266,Crema Ravvivaricci modellante - BABASSU BIO E PREBIOTICI (150 ml)__DISTRIBUTORI__REPUBBLICA CECA,240.0,13.576484352890322,17.67762505827998
3271,Crema Ravvivaricci modellante - BABASSU BIO E PREBIOTICI (150 ml)__E-RETAILERS__GRAN BRETAGNA,432.0,0.0,inf
3305,Crema corpo - LIME & ZENZERO (ti auguro un futuro luminoso) (75 ml)__LASAPONARIA E-COMMERCE__ITALIA,7182.0,0.0,inf
3307,Crema corpo - LIME & ZENZERO (ti auguro un futuro luminoso) (75 ml)__NEGOZI AL DETTAGLIO__ITALIA,1654.0,370.0000000000001,4.470270270270269
3332,Crema corpo idratante - Sorbetto di fiori e radici (180 ml)__LASAPONARIA E-COMMERCE__ITALIA,1654.0,401.81439768458364,4.116328358393861
3369,Crema corpo nutriente - Soffice di Karitè (180 ml)__LASAPONARIA E-COMMERCE__ITALIA,3101.0,880.022861808294,3.523772091134069
3439,Crema mani - EXTRAVERGINE (60 ml)__BIOSTORIE__ITALIA,308.0,62.86080469987292,4.899714559343251
3470,Crema mani - MENTA E LIMONE (60 ml)__BIOSTORIE__ITALIA,850.0,62.39972135428903,13.621855699866446
3542,Crema mani MANDORLE & FRUTTI ROSSI (40 ml)__E-RETAILERS__ITALIA,194.0,15.000022499988752,12.933313933372132
3544,Crema mani MANDORLE & FRUTTI ROSSI (40 ml)__LASAPONARIA E-COMMERCE__ITALIA,5104.0,444.8954277581279,11.472358854572999
3545,Crema mani MANDORLE & FRUTTI ROSSI (40 ml)__NEGOZI AL DETTAGLIO__ITALIA,714.0,39.83929953463633,17.922001850942372
3552,"Crema mani e unghie Fitocheratina, ricino e limone (40 ml)__BIOSTORIE__ITALIA",733.0,113.6612697752106,6.448986549681028
3565,"Crema mani e unghie Fitocheratina, ricino e limone (40 ml)__LASAPONARIA E-COMMERCE__ITALIA",6361.0,674.0899813002957,9.436425664908795
3578,Crema notte Deep Care (50 ml)__BIOSTORIE__ITALIA,782.0,126.26311106662095,6.1934162194640425
3581,Crema notte Deep Care (50 ml)__DISTRIBUTORI__ITALIA,135.0,0.0005952960024777885,226777.93809817676
3598,Crema notte Deep Care (50 ml)__NEGOZI AL DETTAGLIO__ITALIA,2026.0,38.0,53.31578947368421
3602,Crema piedi limited edition (100 ml)__BIOSTORIE__ITALIA,204.0,63.066655373627164,3.234672883656797
3603,Crema piedi limited edition (100 ml)__LASAPONARIA E-COMMERCE__ITALIA,469.0,0.0,inf
3620,Crema solida gambe e corpo UP! - Pepe Rosa & Zenzero (80 ml)__LASAPONARIA E-COMMERCE__ITALIA,332.0,81.14703242062146,4.091338772305254
3626,Crema solida gambe e corpo UP! - Pepe Rosa & Zenzero (80 ml)__PRIVATE LABEL__ITALIA,102.0,26.40003772586073,3.863630842469732
3703,Crema solida piedi e corpo EVEREST - Arnica & Ginepro (80 ml)__LASAPONARIA E-COMMERCE__ITALIA,304.0,101.00843941909557,3.009649507984865
3715,Crema viso Lift & Defence (50 ml)__BIOSTORIE__ITALIA,1370.0,103.77211264837089,13.202005481397583
3724,Crema viso Lift & Defence (50 ml)__E-RETAILERS__ITALIA,378.0,9.194847902614233,41.109978544890225
3733,Crema viso Lift & Defence (50 ml)__NEGOZI AL DETTAGLIO__ITALIA,2562.0,235.46345947136314,10.880669152453306
3788,Crema viso idratante Melissa (50 ml)__LASAPONARIA E-COMMERCE__ITALIA,3463.0,540.261404558237,6.409860061781831
3805,Crema viso idratante Melissa (50 ml)__PRIVATE LABEL__ITALIA,405.0,73.48338288075902,5.511450128217296
3811,Crema viso no-age Melagrana (50 ml)__BIOSTORIE__ITALIA,1254.0,269.4484968463363,4.653950623874303
3827,Crema viso no-age Melagrana (50 ml)__LASAPONARIA E-COMMERCE__ITALIA,3504.0,817.6946097813791,4.285218415389626
3843,Crema viso no-age Melagrana (50 ml)__STRUTTURA RICETTIVA__ITALIA,138.0,0.0,inf
3846,Crema viso nutriente Argan e Karitè (50 ml)__BIOSTORIE__ITALIA,400.0,91.94208759732703,4.350564691894476
3899,Crema viso nutriente mirtilla (50 ml)__PRIVATE LABEL__ITALIA,371.0,51.10835016372851,7.259087777466507
3910,Crema viso protettiva anti-age SPF 30 (40 ml)__DISTRIBUTORI__REPUBBLICA CECA,490.0,89.66759810291117,5.464627249607253
3958,Cristalli vegetali - ARGAN BIO E LINO (50 ml)__LASAPONARIA E-COMMERCE__ITALIA,1263.0,115.12512864375044,10.970671780166231
3987,DISPENSER PP NERO H 140 mm__LASAPONARIA E-COMMERCE__ITALIA,236.0,15.086126179097969,15.643512270696846
3995,DIY Cream (250 ml)__BIOSTORIE__ITALIA,531.0,149.698006643863,3.547141420949367
4004,DIY Cream (250 ml)__LASAPONARIA E-COMMERCE__ITALIA,1740.0,396.1715671315528,4.392036542648239
4046,Deep pure - Gel detergente viso purificante (100 ml)__E-RETAILERS__GRAN BRETAGNA,108.0,2.301269839908054e-08,4693061114.654641
4053,Deep pure - Gel detergente viso purificante (100 ml)__LASAPONARIA E-COMMERCE__ITALIA,2634.0,389.46050136158897,6.763201892852546
4066,Deep pure - Gel detergente viso purificante (100 ml)__PRIVATE LABEL__GRAN BRETAGNA,192.0,0.00044736769038846336,429177.17154155765
4068,Deep pure - Gel detergente viso purificante (100 ml)__STRUTTURA RICETTIVA__AUSTRIA,106.0,24.72291969598478,4.2875194881296865
4081,Dentifricio Lenitivo Bimbi Fragola (75 ml)__DISTRIBUTORI__REPUBBLICA CECA,2135.0,319.4377082945313,6.68361919886886
4095,Dentifricio Lenitivo Bimbi Fragola (75 ml)__LASAPONARIA E-COMMERCE__ITALIA,2485.0,7.162256446465477,346.95769672228505
4111,Dentifricio Lenitivo Bimbi Fragola (75 ml)__PRIVATE LABEL__ITALIA,267.0,73.10810407732782,3.6521258945190134
4136,Dentifricio Protettivo Limone & Zenzero (75 ml)__LASAPONARIA E-COMMERCE__ITALIA,2780.0,405.51400106662015,6.855496956178551
4150,Dentifricio Protettivo Limone & Zenzero (75 ml)__PRIVATE LABEL__ITALIA,335.0,68.31851363396132,4.9035024648643795
4156,Dentifricio WonderWhite Menta & Carbone (75 ml)__BIOSTORIE__ITALIA,1327.0,426.1934397964026,3.113609633770813
4181,Dentifricio WonderWhite Menta & Carbone (75 ml)__LASAPONARIA E-COMMERCE__ITALIA,9646.0,221.40224399879958,43.56776076782808
4198,Dentifricio WonderWhite Menta & Carbone (75 ml)__PRIVATE LABEL__ITALIA,443.0,116.54556919218246,3.8010883045197326
4199,Dentifricio WonderWhite Menta & Carbone (75 ml)__STRUTTURA RICETTIVA__AUSTRIA,132.0,42.672249636971536,3.093345233095803
4210,Detergente corpo Iris e Zenzero - Succo di fiori (200 ml)__E-RETAILERS__AUSTRIA,108.0,27.000067499966267,3.9999900000299973
4222,Detergente corpo Iris e Zenzero - Succo di fiori (200 ml)__LASAPONARIA E-COMMERCE__ITALIA,1500.0,491.21048591931725,3.0536807397193457
4246,Detergente corpo Vaniglia e Carota - Dolce Schiuma (200 ml)__E-RETAILERS__ITALIA,331.0,72.00000000000006,4.597222222222219
4274,Detergente intimo - bardana e calendula (200 ml)__DISTRIBUTORI__REPUBBLICA CECA,2268.0,621.2193119948488,3.650884568795901
4286,Detergente intimo - bardana e calendula (200 ml)__LASAPONARIA E-COMMERCE__ITALIA,2764.0,323.5176637962217,8.543582961024956
4312,Detergente viso solido lenitivo - No Stress (70 g)__E-RETAILERS__ITALIA,514.0,121.00000000000001,4.24793388429752
4316,Detergente viso solido lenitivo - No Stress (70 g)__LASAPONARIA E-COMMERCE__ITALIA,1916.0,229.28367092094197,8.35646076453759
4327,Detergente viso solido lenitivo - No Stress (70 g)__PRIVATE LABEL__ITALIA,221.0,41.95191274019759,5.2679362051647685
4332,Detergente viso solido purificante - Bye Bye Impurità (70 g)__BIOSTORIE__ITALIA,705.0,127.0163779359192,5.550465313659616
4335,Detergente viso solido purificante - Bye Bye Impurità (70 g)__DISTRIBUTORI__ITALIA,122.39991413477803,16.366788879710757,7.478553981136289
4349,Detergente viso solido purificante - Bye Bye Impurità (70 g)__LASAPONARIA E-COMMERCE__ITALIA,2272.0,589.3850175826095,3.8548655500587974
4432,Doccia shampoo semi di lino (100 g)__BIOSTORIE__ITALIA,334.0,100.65901462766934,3.318133018045554
4450,Doccia shampoo semi di lino (100 g)__LASAPONARIA E-COMMERCE__ITALIA,2098.0,48.401262388965314,43.34597687018819
4455,Doccia shampoo semi di lino (100 g)__NEGOZI AL DETTAGLIO__ITALIA,1394.0,172.0418681433321,8.102678813267861
4468,Dopopuntura - stop al prurito (9 ml)__DISTRIBUTORI__BULGARIA,191.2615393859747,1.1794880968616064,162.15639640186728
4477,Dopopuntura - stop al prurito (9 ml)__E-RETAILERS__NORVEGIA,106.0,15.728936964376945,6.739171263771345
4497,Eco Marsiglia - bucato a mano (200 g)__CATENA DI NEGOZI__ITALIA,392.0,98.00000000000009,3.9999999999999964
4506,Eco Marsiglia - bucato a mano (200 g)__LASAPONARIA E-COMMERCE__ITALIA,1686.0,309.09962201964794,5.454552124598941
4535,Eco-Bagnodoccia in polvere - energizzante e tonific (MANDARINO E VITAMIN) (25 g)__LASAPONARIA E-COMMERCE__ITALIA,1475.0,419.39485728169683,3.516972071522756
4542,Eco-Bagnodoccia in polvere - energizzante e tonific (MANDARINO E VITAMIN) (25 g)__PRIVATE LABEL__ITALIA,263.0,14.35987615709988,18.31492118196063
4564,Eco-Bagnodoccia in polvere - vellutante e nutriente (CALENDULA & ROSA MO) (25 g)__LASAPONARIA E-COMMERCE__ITALIA,1830.0,528.4685001415934,3.4628364784460857
4574,Eco-Bagnodoccia in polvere - vellutante e nutriente (CALENDULA & ROSA MO) (25 g)__PRIVATE LABEL__ITALIA,339.0,19.740928291688228,17.17244472959934
4582,Eco-Sapone mani in polvere - addolcente e nutriente (POMPELMO & MAND. DO (25g)__DISTRIBUTORI__REPUBBLICA CECA,120.0,7.105427357601002e-15,1.688849860263936e+16
4593,Eco-Sapone mani in polvere - addolcente e nutriente (POMPELMO & MAND. DO (25g)__LASAPONARIA E-COMMERCE__ITALIA,1964.0,248.293019585742,7.910008921220518
4601,Eco-Sapone mani in polvere - addolcente e nutriente (POMPELMO & MAND. DO (25g)__PRIVATE LABEL__ITALIA,333.0,17.51315318468127,19.01428009499024
4620,Eco-Sapone mani in polvere - rinfrescante e igienizzante (TEA TREE & LAV (25 g)__LASAPONARIA E-COMMERCE__ITALIA,1615.0,369.3697809066491,4.372312201707046
4628,Eco-Sapone mani in polvere - rinfrescante e igienizzante (TEA TREE & LAV (25 g)__PRIVATE LABEL__ITALIA,355.0,61.251248749462384,5.795800204042631
4647,Eco-Shampoo in polvere - lucidante e seboregolatore (TEA TREE) (25 g)__LASAPONARIA E-COMMERCE__ITALIA,1081.0,342.0454219549841,3.1603989722226666
4657,Eco-Shampoo in polvere - lucidante e seboregolatore (TEA TREE) (25 g)__PRIVATE LABEL__ITALIA,200.0,12.003614547060309,16.66164797410794
4669,Eco-Shampoo in polvere - rinforzante e idratante (COCCO & ACIDO IALURONI) (25 g)__E-RETAILERS__ITALIA,609.0,161.0000000000001,3.782608695652171
4674,Eco-Shampoo in polvere - rinforzante e idratante (COCCO & ACIDO IALURONI) (25 g)__LASAPONARIA E-COMMERCE__ITALIA,1592.0,417.9713885146871,3.8088731519575263
4686,Eco-Shampoo in polvere - rinforzante e idratante (COCCO & ACIDO IALURONI) (25 g)__PRIVATE LABEL__ITALIA,272.0,37.31620748733504,7.289057980833546
4694,Ecofermentato Attivatore Attivo Puro (30 ml)__CATENA DI NEGOZI__ITALIA,1049.0,299.0000000000003,3.5083612040133745
4711,Ecofermentato Attivatore Attivo Puro (30 ml)__LASAPONARIA E-COMMERCE__ITALIA,5042.0,482.39411487417397,10.4520346424938
4733,Econea - Detergente intimo - bardana e calendula (200 ml)__LASAPONARIA E-COMMERCE__ITALIA,750.0,198.26402276394361,3.7828345735371376
4735,"Econea - Organic deodorant Soft - Iris, Bardana, Calendula (50 ml)__LASAPONARIA E-COMMERCE__ITALIA",254.0,1.3550317587235327e-12,187449481065501.47
4737,Econea - Sapone all'olio extrav. d'oliva - ROSA e KARITE' (100 g)__LASAPONARIA E-COMMERCE__ITALIA,757.0,7.729429721869842,97.93736759881848
4744,Emergency - Cofanetto solidale: Crema Corpo AHA & Gel doccia rivitalizzante__NEGOZI AL DETTAGLIO__ITALIA,203.0,30.000000000000004,6.766666666666666
4753,Emergency - Crema corpo AHA levigante (150 ml)__LASAPONARIA E-COMMERCE__ITALIA,1841.0,325.8786107146043,5.6493428518151445
4763,Emergency - Gel doccia rivitalizzante (150 ml)__LASAPONARIA E-COMMERCE__ITALIA,1749.0,347.7439061781791,5.0295633336097545
4783,Espositore Ecopowder__LASAPONARIA E-COMMERCE__ITALIA,121.0,4.887256419915744,24.758267134689454
4787,Espositore Ecopowder__PRIVATE LABEL__ITALIA,129.0,10.655548782156867,12.106368488126632
4813,Espositore da banco attivi puri (9 alloggiamenti)__LASAPONARIA E-COMMERCE__ITALIA,102.0,6.178772135759341,16.508134263388676
4898,Estratto glicerico uva rossa bio (30 ml)__E-RETAILERS__ITALIA,170.0,48.000000000000014,3.5416666666666656
4913,Estratto liposolubile di arnica (30 ml)__E-RETAILERS__ITALIA,124.0,35.00000000000001,3.5428571428571423
4933,Estratto liposolubile di calendula (30 ml)__LASAPONARIA E-COMMERCE__ITALIA,193.0,26.19795196524563,7.366988085787585
4991,Estratto liposolubile di rusco (30 ml)__LASAPONARIA E-COMMERCE__ITALIA,187.0,37.84593389991325,4.941085626121348
5009,FIOCCO DI NEVE Lanterna: Burro cacao all'acido ialuronico & crema mani menta__E-RETAILERS__ITALIA,150.0,0.0,inf
5012,FIOCCO DI NEVE Lanterna: Burro cacao all'acido ialuronico & crema mani menta__NEGOZI AL DETTAGLIO__ITALIA,247.0,55.000059999970006,4.490904191743331
5019,"FLACONE 100 ml VETRO AMBRA TR LU H 56,2 mm__LASAPONARIA E-COMMERCE__ITALIA",528.0,136.51694613176005,3.867651708897722
5032,"FLACONE 200 ml GREEN HDPE AVORIO OP H 149,1 mm__LASAPONARIA E-COMMERCE__ITALIA",1287.0,365.85011436594596,3.5178340786649662
5034,"FLACONE 200 ml GREEN HDPE AVORIO OP H 149,1 mm__NEGOZI AL DETTAGLIO__ITALIA",194.0,45.00000000000001,4.31111111111111
5040,FLACONE 30 ml PET AMBRA TR LU H 74 mm__BIOSTORIE__ITALIA,198.0,30.118004093627235,6.574140815722097
5051,Fascia capelli La Saponaria__BIOSTORIE__ITALIA,223.0,0.0,inf
5057,Fascia capelli La Saponaria__NEGOZI AL DETTAGLIO__ITALIA,207.0,64.66864675283678,3.2009329156237474
5061,Fitocell In - Integratore alimentare inestetismi della cellulite (30 cp)__BIOSTORIE__ITALIA,565.0,51.97469515345564,10.870674629871973
5083,Fitocell Out - Crema forte inestetismi cellulite (150 ml)__BIOSTORIE__ITALIA,642.0,75.2058489086289,8.536570084861296
5084,Fitocell Out - Crema forte inestetismi cellulite (150 ml)__CATENA DI NEGOZI__ITALIA,144.0,24.00000000000001,5.999999999999997
5097,Fitocell Out - Crema forte inestetismi cellulite (150 ml)__LASAPONARIA E-COMMERCE__ITALIA,550.0,126.95634073654323,4.332197957259551
5142,Fitoretinolo Attivo Puro (30 ml)__BIOSTORIE__ITALIA,1245.0,169.6410681407089,7.339024763551558
5165,Fitoretinolo Attivo Puro (30 ml)__LASAPONARIA E-COMMERCE__ITALIA,6116.0,1068.2857188907465,5.725060151838914
5195,Flacone refill alluminio -  Eco-Bagnodoccia__LASAPONARIA E-COMMERCE__ITALIA,487.0,82.25838194663287,5.920369310399919
5201,Flacone refill alluminio -  Eco-Bagnodoccia__PRIVATE LABEL__ITALIA,134.0,3.8762271674093984,34.56969734040544
5204,Flacone refill alluminio -  Eco-Bagnodoccia__STRUTTURA RICETTIVA__SVIZZERA,330.0,96.18271715511531,3.430969822445378
5213,Flacone refill alluminio -  Eco-Sapone mani__LASAPONARIA E-COMMERCE__ITALIA,380.0,74.03847102005638,5.1324668751879186
5219,Flacone refill alluminio -  Eco-Sapone mani__PRIVATE LABEL__ITALIA,207.0,1.3570970336634147,152.53146596394362
5229,Flacone refill alluminio -  Eco-Shampoo__LASAPONARIA E-COMMERCE__ITALIA,265.0,38.18146937116637,6.940539595894152
5238,Flacone refill alluminio - Amore limited edition__BIOSTORIE__ITALIA,219.0,27.79011963457771,7.8804986405136015
5244,Flacone refill alluminio - Amore limited edition__LASAPONARIA E-COMMERCE__ITALIA,347.0,32.616459734682586,10.638800250629865
5257,Flacone refill alluminio - keep the sea plastic free__LASAPONARIA E-COMMERCE__ITALIA,215.0,0.0,inf
5263,Flacone refill alluminio - keep the sea plastic free__STRUTTURA RICETTIVA__SVIZZERA,192.0,12.096496255289837,15.87236468709175
5297,GINESTRA - Bagnodoccia rivitalizzante e idratante per Pesaro 2024 (200 ml)__NEGOZI AL DETTAGLIO__ITALIA,1137.0,224.61092332282027,5.062086844128483
5302,GUADO Blu - BioSapone mani nutriente e protettivo per Pesaro 2024 (100 g)__BIOSTORIE__ITALIA,481.0,120.83969343750101,3.9804801412275674
5310,GUADO Blu - BioSapone mani nutriente e protettivo per Pesaro 2024 (100 g)__NEGOZI AL DETTAGLIO__ITALIA,1157.0,198.6365533274251,5.824708396409014
5333,Gel di aloe bio (100 ml)__LASAPONARIA E-COMMERCE__ITALIA,384.0,33.52927702428204,11.452677602380321
5358,Gel esfoliante viso Wonderscrub (100 ml)__LASAPONARIA E-COMMERCE__ITALIA,1539.0,430.8035651682039,3.572393834296867
5366,Gel esfoliante viso Wonderscrub (100 ml)__PRIVATE LABEL__ITALIA,183.0,22.469312734570053,8.14444136150396
5410,Guida Attivi Puri (50 pz)__LASAPONARIA E-COMMERCE__ITALIA,113.0,4.773118525545653,23.674249737404555
5436,Idro-gel viso illuminante shine (50 ml)__BIOSTORIE__ITALIA,252.0,83.42060937037374,3.020836240612456
5452,Idro-gel viso illuminante shine (50 ml)__LASAPONARIA E-COMMERCE__ITALIA,751.0,185.99999997764021,4.037634409087531
5480,Idrolato camomilla bio Re-Bottle spray (100 ml)__LASAPONARIA E-COMMERCE__ITALIA,1856.0,103.8146754917754,17.87801186304377
5521,Idrolato elicriso bio Re-Bottle spray (100 ml)__PRIVATE LABEL__ITALIA,122.0,30.494348050368664,4.000741376680295
5536,Idrolato fiori d'arancio bio Re-Bottle spray (100 ml)__LASAPONARIA E-COMMERCE__ITALIA,1623.0,258.92350930796795,6.268260477149553
5548,Idrolato fiori d'arancio bio Re-Bottle spray (100 ml)__PRIVATE LABEL__ITALIA,235.0,49.084972168115435,4.787616038471568
5563,Idrolato geranio bio Re-Bottle spray (100 ml)__LASAPONARIA E-COMMERCE__ITALIA,399.0,120.96020739144434,3.2986054555014075
5567,Idrolato geranio bio Re-Bottle spray (100 ml)__NEGOZI AL DETTAGLIO__ITALIA,448.0,2.0,224.0
5588,Idrolato hamamelis bio Re-Bottle spray (100 ml)__LASAPONARIA E-COMMERCE__ITALIA,1629.0,215.7625045737003,7.549967976217874
5599,Idrolato hamamelis bio Re-Bottle spray (100 ml)__PRIVATE LABEL__ITALIA,229.0,52.589170450115866,4.35450869523072
5617,Idrolato lavanda bio Re-Bottle spray (100 ml)__LASAPONARIA E-COMMERCE__ITALIA,1648.0,404.0209706906202,4.07899618968531
5629,Idrolato lavanda bio Re-Bottle spray (100 ml)__PRIVATE LABEL__ITALIA,182.0,25.09132777727976,7.253502150842783
5653,Idrolato rosa bio Re-Bottle spray (100 ml)__LASAPONARIA E-COMMERCE__ITALIA,4010.0,304.60795512359414,13.164462492034883
5686,Idrolato rosmarino bio Re-Bottle spray (100 ml)__LASAPONARIA E-COMMERCE__ITALIA,2804.0,310.76378521263206,9.022930384508722
5698,Idrolato rosmarino bio Re-Bottle spray (100 ml)__PRIVATE LABEL__ITALIA,301.0,71.73214717617697,4.19616604060007
5702,Idrolato salvia bio Re-Bottle spray (100 ml)__BIOSTORIE__ITALIA,121.0,6.500651411867873,18.61351922041184
5723,Idrolato salvia bio Re-Bottle spray (100 ml)__PRIVATE LABEL__ITALIA,116.0,23.149267097066925,5.010957777350002
5748,Integratore alimentare PROAGE - rughe ed elasticità (30 cp)__BIOSTORIE__ITALIA,107.0,22.48347417960163,4.759050987639485
5775,Integratore alimentare SUN VITAMIN - protezione e pigmentazione (30 cps)__BIOSTORIE__ITALIA,130.0,6.2488777073116255,20.80373566086769
5786,Integratore alimentare SUN VITAMIN - protezione e pigmentazione (30 cps)__NEGOZI AL DETTAGLIO__ITALIA,523.0,171.64523244375857,3.046982386600028
5800,Integratore alimentare capelli e unghie HAIR VITAMIN -  forza e crescita (30 cp)__LASAPONARIA E-COMMERCE__ITALIA,1024.0,271.13881260769284,3.7766632897430736
5817,Latte solare SPF 20 - media protezione (125 ml)__DISTRIBUTORI__REPUBBLICA CECA,540.0,156.83051395279966,3.4432074880690666
5818,Latte solare SPF 20 - media protezione (125 ml)__E-RETAILERS__AUSTRIA,139.0,43.77552036822864,3.1752906380270765
5821,Latte solare SPF 20 - media protezione (125 ml)__E-RETAILERS__ITALIA,219.0,64.40304764905677,3.4004601955076486
5833,Latte solare SPF 20 - media protezione (125 ml)__NEGOZI AL DETTAGLIO__ITALIA,868.0,243.5474580236666,3.5639871056081915
5846,Latte solare SPF 30 - alta protezione (125 ml)__DISTRIBUTORI__REPUBBLICA CECA,1920.0,367.53380562542543,5.224009249251975
5863,Latte solare SPF 30 - alta protezione (125 ml)__NEGOZI AL DETTAGLIO__ITALIA,1506.0,87.38135384520773,17.234798200401123
5869,Latte solare SPF 50+ - protezione molto alta (125 ml)__BIOSTORIE__ITALIA,1223.0,303.5270994900731,4.0292942608901985
5870,Latte solare SPF 50+ - protezione molto alta (125 ml)__BIOSTORIE__SPAGNA,121.0,2.0000000000000115,60.49999999999965
5872,Latte solare SPF 50+ - protezione molto alta (125 ml)__DISTRIBUTORI__BULGARIA,135.13733457763487,0.0,inf
5876,Latte solare SPF 50+ - protezione molto alta (125 ml)__DISTRIBUTORI__REPUBBLICA CECA,2160.0,236.88951850291545,9.118174639598571
5880,Latte solare SPF 50+ - protezione molto alta (125 ml)__E-RETAILERS__ITALIA,1445.7114642119964,13.726556805625716,105.32222207534838
5885,Latte solare SPF 50+ - protezione molto alta (125 ml)__GAS__ITALIA,109.0,2.0016120880182595,54.456105982012666
5892,Latte solare SPF 50+ - protezione molto alta (125 ml)__NEGOZI AL DETTAGLIO__ITALIA,2795.0,495.74983419097055,5.637924225554703
5900,Latte struccante melissa (150 ml)__BIOSTORIE__ITALIA,647.0,29.079895031484764,22.24904867433304
5917,Latte struccante melissa (150 ml)__LASAPONARIA E-COMMERCE__ITALIA,1680.0,455.82007549642753,3.6856647837863097
5959,"Limetta unghie 2 in 1, grana 180-240 Christmas__E-RETAILERS__ITALIA",279.0,0.0,inf
5961,"Limetta unghie 2 in 1, grana 180-240 Christmas__LASAPONARIA E-COMMERCE__ITALIA",9490.0,0.0,inf
5977,"Locandina A3 ""Linea pelli impure""/""Doppia detersione""__LASAPONARIA E-COMMERCE__ITALIA",207.0,59.06125808017509,3.50483560169002
6036,Lozione Anti-caduta (30 ml)__LASAPONARIA E-COMMERCE__ITALIA,1231.0,364.3308250593028,3.378797277994877
6064,Lozione capelli detox (30 ml)__E-RETAILERS__ITALIA,142.0,29.138275979241815,4.873315089100027
6102,Lozione capelli lenitiva (30 ml)__LASAPONARIA E-COMMERCE__ITALIA,478.0,140.9397382944905,3.391520417053915
6125,Lozione cute lenitiva e idratante (5 ml x10)__LASAPONARIA E-COMMERCE__ITALIA,443.0,51.42171351540486,8.61503768961893
6148,Mani - Cofanetto Holiday Vibes: Crema mani & Sapone mani Mandorle e Frutti rossi__LASAPONARIA E-COMMERCE__ITALIA,1424.0,0.0,inf
6149,Mani - Cofanetto Holiday Vibes: Crema mani & Sapone mani Mandorle e Frutti rossi__NEGOZI AL DETTAGLIO__ITALIA,133.0,23.000022499988745,5.782603038760726
6157,Mani - Cofanetto Zero Waste: Crema mani e unghie & Flacone all e sapone pompelmo__NEGOZI AL DETTAGLIO__ITALIA,232.0,57.0000449999775,4.070172225304236
6162,Maschera viso anti-age - Forever Young (35 ml)__LASAPONARIA E-COMMERCE__ITALIA,195.0,0.0,inf
6196,Maschera viso anti-age - Forever Young (50 ml)__PRIVATE LABEL__ITALIA,181.0,50.40267759215795,3.5910790586284533
6223,Maschera viso peel-off (13 g)__LASAPONARIA E-COMMERCE__ITALIA,1659.0,536.7588377837573,3.0907735154392695
6244,Maschera viso purificante - Bye Bye Impurità (50 ml)__BIOSTORIE__ITALIA,392.0,128.74395941601063,3.0448030476779855
6257,Maschera viso purificante - Bye Bye Impurità (50 ml)__LASAPONARIA E-COMMERCE__ITALIA,365.0,18.60812657798947,19.615085832000865
6269,Maticao LAMPONE - balsamo labbra temperabile (box segnalibro)__BIOSTORIE__ITALIA,196.20007820750683,0.0,inf
6274,Maticao LAMPONE - balsamo labbra temperabile (box segnalibro)__LASAPONARIA E-COMMERCE__ITALIA,8782.0,337.0654063875959,26.054290453946688
6275,Maticao LAMPONE - balsamo labbra temperabile (box segnalibro)__NEGOZI AL DETTAGLIO__ITALIA,1028.0,29.0,35.44827586206897
6285,Maticao PESCA - balsamo labbra temperabile (box segnalibro)__E-RETAILERS__ITALIA,304.0,63.000000000000014,4.825396825396824
6288,Maticao PESCA - balsamo labbra temperabile (box segnalibro)__LASAPONARIA E-COMMERCE__ITALIA,8089.0,237.1527646348237,34.108815945939874
6291,Maticao PESCA - balsamo labbra temperabile (box segnalibro)__NEGOZI AL DETTAGLIO__ITALIA,1966.0,22.0,89.36363636363636
6302,Maticao VIOLETTA - balsamo labbra temperabile  (box segnalibro)__DISTRIBUTORI__REPUBBLICA CECA,110.0,4.767392442963985e-13,230734099019569.6
6305,Maticao VIOLETTA - balsamo labbra temperabile  (box segnalibro)__LASAPONARIA E-COMMERCE__ITALIA,8793.0,260.7747143540232,33.71875997173091
6323,Matita occhi nera eco - extreme black__LASAPONARIA E-COMMERCE__ITALIA,3017.0,538.5038207864689,5.60256006279354
6330,Matita occhi nera eco - extreme black__STRUTTURA RICETTIVA__AUSTRIA,105.03504742988532,0.017707875175053102,5931.544377377301
6341,Maxi Bagnodoccia mediterraneo (1000 ml)__LASAPONARIA E-COMMERCE__ITALIA,348.0,104.70006648679788,3.3237801242836933
6371,Minikit viso luce__BIOSTORIE__ITALIA,248.0,0.0,inf
6441,Mousse detergente mirtilla (150 ml)__E-RETAILERS__GRAN BRETAGNA,312.0,6.64832487320219e-08,4692911461.917234
6451,Mousse detergente mirtilla (150 ml)__LASAPONARIA E-COMMERCE__ITALIA,9323.0,1687.4369976822468,5.524947013017649
6467,Mousse detergente mirtilla (150 ml)__PRIVATE LABEL__GRAN BRETAGNA,312.0,6.64832487320219e-08,4692911461.917234
6499,Niacinamide + Zinco (30 ml)__LASAPONARIA E-COMMERCE__ITALIA,9973.0,1649.2499597224476,6.046991204218891
6524,OE arancio dolce BIO (10 ml)__DISTRIBUTORI__ITALIA,275.0,52.63122412539949,5.22503522518844
6528,OE arancio dolce BIO (10 ml)__LASAPONARIA E-COMMERCE__ITALIA,674.0,146.82991776004422,4.590345144110752
6530,OE arancio dolce BIO (10 ml)__NEGOZI AL DETTAGLIO__ITALIA,319.0,0.0,inf
6541,OE cannella (10 ml)__LASAPONARIA E-COMMERCE__ITALIA,210.0,63.03986038894239,3.331225651585285
6570,OE limone BIO (10 ml)__LASAPONARIA E-COMMERCE__ITALIA,431.0,70.93510467322011,6.0759760909003635
6582,OE menta BIO (10 ml)__E-RETAILERS__ITALIA,128.0,8.402717399636806,15.233167309129376
6588,OE menta BIO (10 ml)__NEGOZI AL DETTAGLIO__ITALIA,344.0,100.47514968903019,3.4237321473486464
6606,OE rosmarino BIO (10 ml)__BIOSTORIE__ITALIA,317.0,100.5283349922392,3.153339802399716
6615,OE rosmarino BIO (10 ml)__LASAPONARIA E-COMMERCE__ITALIA,500.0,120.59018401115304,4.146274459235889
6632,OE tea tree BIO (10 ml)__LASAPONARIA E-COMMERCE__ITALIA,1077.0,302.2185890918075,3.5636457811429683
6646,OLIVA - Crema mani e corpo tonificante e levigante per Pesaro 2024 (75 ml)__NEGOZI AL DETTAGLIO__ITALIA,1035.0,223.0974994779018,4.639227254550733
6654,Olio capelli protettivo 3 in 1 - Aloha (125 ml)__BIOSTORIE__SPAGNA,122.0,4.981829697489678,24.48899448760267
6670,Olio capelli protettivo 3 in 1 - Aloha (125 ml)__LASAPONARIA E-COMMERCE__ITALIA,176.0,51.045675800975154,3.447892446095067
6697,Olio di argania spinosa bio (50 ml)__CATENA DI NEGOZI__ITALIA,595.0,123.00000000000011,4.837398373983735
6709,Olio di argania spinosa bio (50 ml)__LASAPONARIA E-COMMERCE__ITALIA,809.0,219.9563726755271,3.6780020972313996
6727,Olio di avocado (100 ml)__BIOSTORIE__ITALIA,251.0,40.73921873150904,6.1611392612659115
6735,Olio di avocado (100 ml)__LASAPONARIA E-COMMERCE__ITALIA,377.0,78.96564430002385,4.774228125938132
6796,Olio di cocco bio ai fiori di Tiarè (150ml)__CATENA DI NEGOZI__ITALIA,480.0,144.00000000000006,3.333333333333332
6837,Olio di germe di grano (100 ml)__LASAPONARIA E-COMMERCE__ITALIA,172.0,40.404261790299685,4.256976674705489
6854,Olio di jojoba (100 ml)__E-RETAILERS__ITALIA,1250.0,220.0000000000001,5.681818181818179
6875,Olio di macadamia (100 ml)__LASAPONARIA E-COMMERCE__ITALIA,289.0,30.597368802550143,9.445256612258543
6889,Olio di mandorla (1 L)__E-RETAILERS__ITALIA,908.0,242.08532139414874,3.7507437244476676
6892,Olio di mandorla (1 L)__LASAPONARIA E-COMMERCE__ITALIA,118.0,38.811770867288075,3.0403147643916073
6914,Olio di mandorla (100 ml)__LASAPONARIA E-COMMERCE__ITALIA,506.0,95.26798549943106,5.311333050104453
6966,Olio di neem (100 ml)__LASAPONARIA E-COMMERCE__ITALIA,376.0,55.91782201484691,6.724153167127416
6968,Olio di neem (100 ml)__NEGOZI AL DETTAGLIO__ITALIA,699.0,11.0,63.54545454545455
6978,Olio di ricino (1 L)__E-RETAILERS__ITALIA,153.0,13.000000000000007,11.769230769230763
6998,Olio di ricino (100 ml)__LASAPONARIA E-COMMERCE__ITALIA,1344.0,96.63904671889989,13.907421954496073
7013,Olio di rosa mosqueta R-PET (30 ml)__CATENA DI NEGOZI__ITALIA,190.0,0.0,inf
7021,Olio di rosa mosqueta R-PET (30 ml)__E-RETAILERS__ITALIA,3082.0,326.1608609248364,9.44932507003115
7025,Olio di rosa mosqueta R-PET (30 ml)__LASAPONARIA E-COMMERCE__ITALIA,3868.0,229.5200696248449,16.85255675602714
7041,Olio di rosa mosqueta R-PET (30 ml)__STRUTTURA RICETTIVA__AUSTRIA,118.0,31.920991146160944,3.6966270708731286
7059,Olio di semi di lino bio (100 ml)__LASAPONARIA E-COMMERCE__ITALIA,540.0,157.78709983096792,3.4223330080753374
7065,Olio di semi di lino bio (100 ml)__PRIVATE LABEL__ITALIA,102.0,12.060942781571798,8.457050319138254
7072,Olio di sesamo Bio (100 ml)__E-RETAILERS__ITALIA,151.0,0.0,inf
7094,Olio essenziale di Bergamotto (10 ml)__NEGOZI AL DETTAGLIO__ITALIA,167.0,0.0,inf
7117,Olio essenziale di Timo (10 ml)__LASAPONARIA E-COMMERCE__ITALIA,132.0,32.48347334230418,4.063604855583363
7129,Olio essenziale di Ylang Ylang (10 ml)__LASAPONARIA E-COMMERCE__ITALIA,109.0,18.672976080857147,5.837312677315686
7180,Olio essenziale di lavanda hybrida (100 ml)__LASAPONARIA E-COMMERCE__ITALIA,675.0,194.78912261310128,3.465285899668611
7187,Olio essenziale di lemongrass (100 ml)__BIOSTORIE__ITALIA,103.0,13.929722575900298,7.394260685291714
7203,Olio essenziale di limone (100 ml)__LASAPONARIA E-COMMERCE__ITALIA,170.0,36.520854917020685,4.654874602094018
7217,Olio essenziale di menta (100 ml)__LASAPONARIA E-COMMERCE__ITALIA,178.0,55.506856706725195,3.2068110240952192
7229,Olio essenziale di rosmarino (100 ml)__LASAPONARIA E-COMMERCE__ITALIA,275.0,70.81233076153279,3.883504427019758
7241,Olio essenziale di tea tree (100 ml)__LASAPONARIA E-COMMERCE__ITALIA,439.0,61.98982353509649,7.0818075446117925
7251,Olio gel struccante (50 ml)__BIOSTORIE__ITALIA,2033.0,504.3053747622843,4.031287592281364
7255,Olio gel struccante (50 ml)__DISTRIBUTORI__REPUBBLICA CECA,240.0,1.7393594336024888e-05,13798183.133598901
7261,Olio gel struccante (50 ml)__E-RETAILERS__ITALIA,865.0,0.0,inf
7268,Olio gel struccante (50 ml)__LASAPONARIA E-COMMERCE__ITALIA,5733.0,0.0,inf
7283,Olio gel struccante (50 ml)__STRUTTURA RICETTIVA__AUSTRIA,274.0,58.53385639069051,4.681051563921529
7287,Olivem 1000 (25 g)__E-RETAILERS__ITALIA,291.0,40.00000000000003,7.274999999999995
7296,Organic Heroes - Booster Acido ialuronico + Collagene (30 ml)__0__ITALIA,324.0,0.0,inf
7299,Organic Heroes - Booster Acido ialuronico + Collagene (30 ml)__LASAPONARIA E-COMMERCE__ITALIA,1692.0,0.0,inf
7305,Organic Heroes - Booster Caffeina + Gelsomino (30 ml)__LASAPONARIA E-COMMERCE__ITALIA,840.0,0.0,inf
7309,Organic Heroes - Booster Niacinamide + Shikimico (30 ml)__LASAPONARIA E-COMMERCE__ITALIA,1158.0,0.0,inf
7313,Organic Heroes - Booster Peptidi + Vitamina C (30 ml)__LASAPONARIA E-COMMERCE__ITALIA,2100.0,0.0,inf
7316,Organic Heroes - Booster Rosa Mosqueta + Albicocca (30 ml)__LASAPONARIA E-COMMERCE__ITALIA,516.0,54.000000000000014,9.555555555555554
7320,Organic Heroes - Contorno occhi (30 ml)__LASAPONARIA E-COMMERCE__ITALIA,576.0,1.7727832112336605e-12,324912824281073.75
7333,Ossido di zinco (50 g)__LASAPONARIA E-COMMERCE__ITALIA,122.0,16.847299462545863,7.241516675786809
7339,PAN DI ZENZERO Lanterna-Crema corpo lime e zenzero + scrub corpo zenzero & albi__E-RETAILERS__ITALIA,119.0,0.0,inf
7341,PAN DI ZENZERO Lanterna-Crema corpo lime e zenzero + scrub corpo zenzero & albi__LASAPONARIA E-COMMERCE__ITALIA,4164.0,0.0,inf
7344,PAN DI ZENZERO Lanterna-Crema corpo lime e zenzero + scrub corpo zenzero & albi__PRIVATE LABEL__ITALIA,1535.0,169.65647831673186,9.04769458395987
7350,PIPETTA 30 ml GOMMA ROSSO H 70 mm__BIOSTORIE__ITALIA,198.0,30.118004093627235,6.574140815722097
7378,Patch occhi in silicone Eyestar__BIOSTORIE__ITALIA,1313.0,169.90668902362037,7.7277710933291575
7380,Patch occhi in silicone Eyestar__CATENA DI NEGOZI__ITALIA,120.0,35.99999999999997,3.333333333333336
7383,Patch occhi in silicone Eyestar__DISTRIBUTORI__REPUBBLICA CECA,240.0,0.0,inf
7399,Patch occhi in silicone Eyestar__NEGOZI AL DETTAGLIO__ITALIA,3438.0,316.23897474092564,10.871525253383247
7405,Peeling AHA attivo puro (30 ml)__BIOSTORIE__ITALIA,926.0,275.78357893192356,3.35770535572236
7428,Peeling AHA attivo puro (30 ml)__LASAPONARIA E-COMMERCE__ITALIA,4459.0,981.2905882897095,4.544015863610378
7446,Peeling AHA attivo puro (30 ml)__PRIVATE LABEL__ITALIA,969.0,0.0,inf
7499,Peptidi + Sacha Inchi Attivo Puro (30 ml)__LASAPONARIA E-COMMERCE__ITALIA,8184.0,1862.7647031652766,4.393469548834297
7521,Peptidi + Sacha Inchi Attivo Puro (30 ml)__PRIVATE LABEL__ITALIA,1500.0,394.05580572731577,3.806567440952744
7592,"Pochette osolebio Don't worry, beach happy!__BIOSTORIE__ITALIA",214.0,6.147616758345762,34.810237594834135
7609,Porta cosmetici solidi da viaggio__BIOSTORIE__ITALIA,480.0,75.85889497566129,6.327537464841851
7619,Porta cosmetici solidi da viaggio__LASAPONARIA E-COMMERCE__ITALIA,1077.0,229.5344254183317,4.692106632968641
7671,Pure glow - Lozione esfoliante ed illuminante (150 ml)__LASAPONARIA E-COMMERCE__ITALIA,1000.0,18.523447615978657,53.98563057653382
7678,Pure glow - Lozione esfoliante ed illuminante (150 ml)__PRIVATE LABEL__ITALIA,157.0,49.42550540249148,3.1764976143690746
7686,ROSA D'INVERNO Lanterna - Sapone  & Crema mani rosa e Karitè__E-RETAILERS__ITALIA,166.0,0.0,inf
7689,ROSA D'INVERNO Lanterna - Sapone  & Crema mani rosa e Karitè__NEGOZI AL DETTAGLIO__ITALIA,381.0,87.00004649997675,4.379308004164134
7693,SAPONE MANDORLA E ZENZERO NUDO 100 G__LASAPONARIA E-COMMERCE__ITALIA,250.0,2.0021585188502025e-12,124865238015004.8
7696,SAPONE MIELE E LAVANDA  NUDO 100 G__LASAPONARIA E-COMMERCE__ITALIA,250.0,1.7828132826225918e-12,140227808731736.45
7698,"SCRIGNO BOOSTER VISO-Acido Ialuron, maschera viso illum (8ml), tratt esfol (5ml)__E-RETAILERS__ITALIA",135.0,0.0,inf
7706,"SCRIGNO MANI E LABBRA - Crema mani mandorle & frutti, biocao ialuronico__E-RETAILERS__ITALIA",126.0,0.0,inf
7714,"SCRIGNO MANI E UNGHIE - Crema mani e unghie, limetta unghie__E-RETAILERS__ITALIA",145.0,0.0,inf
7719,"SCRIGNO MANI E UNGHIE - Crema mani e unghie, limetta unghie__NON PIU' CLIENTE__0",109.0,0.0,inf
7722,"SCRIGNO SGUARDO INTENSO-Matita nera, salviet. struc. bamboo, campion olio gel__E-RETAILERS__ITALIA",134.0,0.0,inf
7725,"SCRIGNO SGUARDO INTENSO-Matita nera, salviet. struc. bamboo, campion olio gel__NEGOZI AL DETTAGLIO__ITALIA",265.0,82.00006299996849,3.231704834179235
7731,STELLA Lanterna - Acido ialuronico & Vitamina C__LASAPONARIA E-COMMERCE__ITALIA,1621.0,0.0,inf
7751,Salvietta struccante in bambù__LASAPONARIA E-COMMERCE__ITALIA,2470.0,547.5361078595135,4.511118014948798
7772,Salviette detergenti delicate (20 pz)__E-RETAILERS__ITALIA,2847.0,493.00000000000034,5.774847870182552
7776,Salviette detergenti delicate (20 pz)__LASAPONARIA E-COMMERCE__ITALIA,4324.0,1308.3522440784664,3.3049203833067105
7799,Sapone all'olio extrav. d'oliva - ARANCIA e CANNELLA (100 g)__DISTRIBUTORI__SPAGNA,246.0,54.88671672191453,4.481958745070644
7805,Sapone all'olio extrav. d'oliva - ARANCIA e CANNELLA (100 g)__LASAPONARIA E-COMMERCE__ITALIA,2723.0,616.2415091621788,4.418722139802136
7825,Sapone all'olio extrav. d'oliva - CALENDULA e GERME DI GRANO (100 g)__DISTRIBUTORI__ITALIA,192.0,11.260053640928081,17.051428538681
7834,Sapone all'olio extrav. d'oliva - CALENDULA e GERME DI GRANO (100 g)__LASAPONARIA E-COMMERCE__ITALIA,2096.0,402.5660283554232,5.206599296425116
7845,Sapone all'olio extrav. d'oliva - CALENDULA e GERME DI GRANO (100 g)__PRIVATE LABEL__ITALIA,238.0,76.99438926791761,3.0911343315138287
7873,Sapone all'olio extrav. d'oliva - EXTRAVERGINE (100 g)__PRIVATE LABEL__ITALIA,244.0,62.325668452230154,3.914919904742219
7891,Sapone all'olio extrav. d'oliva - MANDORLA e ZENZERO (100 g)__LASAPONARIA E-COMMERCE__ITALIA,3120.0,890.983595830889,3.5017479722400906
7919,Sapone all'olio extrav. d'oliva - MEDITERRANEO CON ALOE (100 g)__LASAPONARIA E-COMMERCE__ITALIA,1315.0,220.23183922143076,5.97098042067315
7928,Sapone all'olio extrav. d'oliva - MEDITERRANEO CON ALOE (100 g)__PRIVATE LABEL__ITALIA,176.0,54.85756123910977,3.2083088643489273
7947,Sapone all'olio extrav. d'oliva - MIELE e LAVANDA (100 g)__LASAPONARIA E-COMMERCE__ITALIA,2151.0,512.0000331092008,4.201171603325324
7960,Sapone all'olio extrav. d'oliva - MIELE e LAVANDA (100 g)__PRIVATE LABEL__ITALIA,309.0,102.45732976115107,3.015889646161402
7979,Sapone all'olio extrav. d'oliva - MIRTO E UVA ROSSA (100 g)__LASAPONARIA E-COMMERCE__ITALIA,2132.0,374.0024032726536,5.700498128739934
7988,Sapone all'olio extrav. d'oliva - MIRTO E UVA ROSSA (100 g)__PRIVATE LABEL__ITALIA,231.0,63.12153436975374,3.659606856938025
8023,Sapone all'olio extrav. d'oliva - ROSA e KARITE' (100 g)__CATENA DI NEGOZI__ITALIA,148.0,14.000000000000007,10.571428571428566
8034,Sapone all'olio extrav. d'oliva - ROSA e KARITE' (100 g)__GAS__ITALIA,106.42779982282866,7.117740674392123,14.952469426953087
8036,Sapone all'olio extrav. d'oliva - ROSA e KARITE' (100 g)__LASAPONARIA E-COMMERCE__ITALIA,3487.0,852.9999997410799,4.0879249719325275
8048,Sapone all'olio extrav. d'oliva - ROSA e KARITE' (100 g)__PRIVATE LABEL__ITALIA,339.0,103.92657127407364,3.2619184472659466
8065,Sapone all'olio extrav. d'oliva - TIGLIO e MALVA (100 g)__LASAPONARIA E-COMMERCE__ITALIA,1145.0,228.76437466878903,5.005149956839917
8074,Sapone all'olio extrav. d'oliva - TIGLIO e MALVA (100 g)__PRIVATE LABEL__ITALIA,188.0,57.130583203695096,3.290706823868735
8084,Sapone mani Dolci CoccoLe (200 ml)__LASAPONARIA E-COMMERCE__ITALIA,507.0,0.0,inf
8089,Sapone mani MANDORLE & FRUTTI ROSSI - Christmas edition (250 ml)__LASAPONARIA E-COMMERCE__ITALIA,681.0,0.0,inf
8096,Scrub - LEMONGRASS E MENTA (250 g)__BIOSTORIE__ITALIA,930.0,178.6081878013873,5.20692814505325
8113,Scrub - LEMONGRASS E MENTA (250 g)__LASAPONARIA E-COMMERCE__ITALIA,1670.0,200.15904778691646,8.343365031281692
8128,Scrub - LEMONGRASS E MENTA (250 g)__PRIVATE LABEL__ITALIA,128.0,26.41001088885121,4.8466469983181355
8167,Scrub corpo - ZENZERO & ALBICOCCA (scacciando via ogni pensiero grigio) (75 ml)__E-RETAILERS__ITALIA,128.0,20.000012499993755,6.399996000004498
8169,Scrub corpo - ZENZERO & ALBICOCCA (scacciando via ogni pensiero grigio) (75 ml)__LASAPONARIA E-COMMERCE__ITALIA,4640.0,288.6640719765966,16.074047484427464
8185,Scrub cuoio capelluto detox (100 ml)__DISTRIBUTORI__SPAGNA,120.0,1.4210854715202004e-14,8444249301319680.0
8199,Scrub cuoio capelluto detox (100 ml)__NEGOZI AL DETTAGLIO__ITALIA,1194.0,79.59522160985614,15.0009005044613
8213,Scrub gambe e piedi menta e mirtillo bio (200 ml)__BIOSTORIE__ITALIA,447.0,5.0,89.4
8373,Shampoo anti-caduta (150 ml)__LASAPONARIA E-COMMERCE__ITALIA,1287.0,75.98835712748973,16.93680517188615
8395,Shampoo neutro - BIO EXTRAVERGINE (200 ml)__CATENA DI NEGOZI__ITALIA,597.0,138.00000000000017,4.326086956521734
8397,Shampoo neutro - BIO EXTRAVERGINE (200 ml)__DISTRIBUTORI__BULGARIA,106.486153778388,26.324781899598907,4.045091586495174
8409,Shampoo neutro - BIO EXTRAVERGINE (200 ml)__E-RETAILERS__GRAN BRETAGNA,378.0,71.74400792163931,5.268732692113626
8414,Shampoo neutro - BIO EXTRAVERGINE (200 ml)__LASAPONARIA E-COMMERCE__ITALIA,4923.0,803.2347361718618,6.128968006865013
8441,Shampoo pre tinta - AVATARA (150 ml)__CATENA DI NEGOZI__ITALIA,125.0,40.00000000000001,3.1249999999999996
8485,Shampoo riequilibrante - SALVIA BIO E LIMONE (200 ml)__E-RETAILERS__GRAN BRETAGNA,378.0,71.74400792163931,5.268732692113626
8493,Shampoo riequilibrante - SALVIA BIO E LIMONE (200 ml)__LASAPONARIA E-COMMERCE__ITALIA,4731.0,221.23819329220265,21.384191986017
8517,Shampoo rinforzante - GIRASOLE BIO E ARANCIO (200 ml)__CATENA DI NEGOZI__ITALIA,594.0,180.0000000000001,3.299999999999998
8530,Shampoo rinforzante - GIRASOLE BIO E ARANCIO (200 ml)__E-RETAILERS__GRAN BRETAGNA,108.0,2.301269839908054e-08,4693061114.654641
8538,Shampoo rinforzante - GIRASOLE BIO E ARANCIO (200 ml)__LASAPONARIA E-COMMERCE__ITALIA,5263.0,1322.9232647710273,3.9783108666630973
8578,Shampoo solido purificante - BARDANA BIO E SPIRULINA (50 g)__LASAPONARIA E-COMMERCE__ITALIA,2446.0,70.99956068174957,34.45091739319373
8612,Shampoo solido rinforzante - CALENDULA BIO E AMMINOACIDI (50 g)__LASAPONARIA E-COMMERCE__ITALIA,2871.0,350.5482986063243,8.190026913307642
8626,Shampoo solido rinforzante - CALENDULA BIO E AMMINOACIDI (50 g)__PRIVATE LABEL__ITALIA,158.0,24.463235033109232,6.458671544714276
8647,Siero Urto smagliature (100 ml)__LASAPONARIA E-COMMERCE__ITALIA,782.0,143.16119595069176,5.462374037929524
8670,Siero bioattivo anti-imperfezioni (15 ml)__CATENA DI NEGOZI__ITALIA,327.0,39.00000000000007,8.384615384615369
8706,Siero bioattivo no-age (15 ml)__BIOSTORIE__ITALIA,471.0,136.99749359072607,3.438019102795352
8758,Siero bioattivo uniformante (15 ml)__LASAPONARIA E-COMMERCE__ITALIA,486.0,142.04405639973467,3.421473677380195
8772,Siero viso Proage ultra (30 ml)__BIOSTORIE__ITALIA,891.0,19.50165306078016,45.688434576445886
8775,Siero viso Proage ultra (30 ml)__DISTRIBUTORI__ITALIA,120.0,0.000529152003502558,226777.93754100357
8781,Siero viso Proage ultra (30 ml)__E-RETAILERS__ITALIA,281.0,91.0,3.087912087912088
8789,Siero viso Proage ultra (30 ml)__NEGOZI AL DETTAGLIO__ITALIA,2070.0,28.471720651970532,72.70371978227227
8798,Silicone vegetale + Amla - Attivo disciplinante capelli (30 ml)__DISTRIBUTORI__ITALIA,120.0,2.5569706418810384e-08,4693053492.069892
8803,Silicone vegetale + Amla - Attivo disciplinante capelli (30 ml)__E-RETAILERS__AUSTRIA,120.0,5.447711617550493e-13,220275977189036.22
8806,Silicone vegetale + Amla - Attivo disciplinante capelli (30 ml)__E-RETAILERS__ITALIA,656.0,0.0,inf
8811,Silicone vegetale + Amla - Attivo disciplinante capelli (30 ml)__LASAPONARIA E-COMMERCE__ITALIA,3186.0,0.0,inf
8818,Silicone vegetale + Amla - Attivo disciplinante capelli (30 ml)__NEGOZI AL DETTAGLIO__ITALIA,1588.0,433.99956129136734,3.6589898738028674
8824,Silicone vegetale + Amla - Attivo disciplinante capelli (30 ml)__PRIVATE LABEL__ITALIA,367.0,45.04445631376244,8.147506486561154
8866,Spazzolino fibra vegetale Bimbi (Albicocca)__LASAPONARIA E-COMMERCE__ITALIA,350.0,98.42782838897429,3.555904927789775
8871,Spazzolino fibra vegetale Bimbi (Albicocca)__PRIVATE LABEL__ITALIA,110.0,14.054720199377364,7.826552107730547
8881,Spazzolino fibra vegetale Bimbi (Verde)__LASAPONARIA E-COMMERCE__ITALIA,473.0,65.77580063601259,7.1910945275674845
8885,Spazzolino fibra vegetale Bimbi (Verde)__PRIVATE LABEL__ITALIA,107.0,27.35507176476851,3.911523278758449
8902,Spazzolino fibra vegetale setole medie__LASAPONARIA E-COMMERCE__ITALIA,1513.0,145.45397329007187,10.401915917296373
8911,Spazzolino fibra vegetale setole medie__PRIVATE LABEL__ITALIA,227.0,70.53749846667742,3.218146445996195
8923,Spazzolino fibra vegetale setole morbide__E-RETAILERS__AUSTRIA,108.0,8.257767867292419,13.078594813468808
8927,Spazzolino fibra vegetale setole morbide__LASAPONARIA E-COMMERCE__ITALIA,944.0,64.96866869221603,14.530080714322867
8960,Stay matte - Crema viso primer opacizzante e levigante (50 ml)__BIOSTORIE__ITALIA,871.0,239.47506295018184,3.6371219168702953
8977,Stay matte - Crema viso primer opacizzante e levigante (50 ml)__LASAPONARIA E-COMMERCE__ITALIA,2417.0,36.00000000000005,67.1388888888888
8999,Stay pure - Crema viso intensiva anti-imperfezioni  (50 ml)__DISTRIBUTORI__ITALIA,150.0,44.18667567664545,3.394688505143224
9009,Stay pure - Crema viso intensiva anti-imperfezioni  (50 ml)__E-RETAILERS__GRAN BRETAGNA,171.0,8.791703444728712e-05,1945015.5601247828
9017,Stay pure - Crema viso intensiva anti-imperfezioni  (50 ml)__LASAPONARIA E-COMMERCE__ITALIA,1830.0,13.617666845128852,134.3842539850801
9044,Succo di Aloe - Gel di Aloe Vera Puro 99% (150 ml)__DISTRIBUTORI__REPUBBLICA CECA,300.0,1.4210854715202004e-14,2.11106232532992e+16
9056,Succo di Aloe - Gel di Aloe Vera Puro 99% (150 ml)__LASAPONARIA E-COMMERCE__ITALIA,1586.0,338.61228378218016,4.683822991549325
9075,TALLONCINO SAPONE ARANCIA E CANNELLA 70x70 mm__LASAPONARIA E-COMMERCE__ITALIA,140.0,0.0,inf
9087,TAPPO FLIP TOP PP BIANCO SAT OP OVALE__LASAPONARIA E-COMMERCE__ITALIA,1288.0,365.198199005428,3.5268520039466464
9089,TAPPO FLIP TOP PP BIANCO SAT OP OVALE__NEGOZI AL DETTAGLIO__ITALIA,194.0,45.00000000000001,4.31111111111111
9098,TAPPO PP LDPE BIANCO SAT OP diam. 24 mm__LASAPONARIA E-COMMERCE__ITALIA,528.0,136.51694613176005,3.867651708897722
9103,TRAVEL SIZE - Crema solare SPF 50 (40 ml)__BIOSTORIE__SPAGNA,211.0,12.762202258575595,16.53319667914039
9105,TRAVEL SIZE - Crema solare SPF 50 (40 ml)__DISTRIBUTORI__BULGARIA,453.32390192588315,3.7566152644099056,120.67349728907944
9109,TRAVEL SIZE - Crema solare SPF 50 (40 ml)__E-RETAILERS__AUSTRIA,388.0,50.882098264766256,7.625471693031062
9126,TRAVEL SIZE - Crema solare SPF 50 (40 ml)__NEGOZI AL DETTAGLIO__ITALIA,1346.0,74.75706770892828,18.00498656850403
9141,Tahiti - miscela di oli essenziali con note di cocco di vaniglia (10 ml)__LASAPONARIA E-COMMERCE__ITALIA,242.0,67.9451257544051,3.5616977275858583
9150,Testine Intercambiabili setole medie__BIOSTORIE__ITALIA,576.0,34.644334935716344,16.626094888783005
9173,Testine Intercambiabili setole medie__PRIVATE LABEL__ITALIA,187.0,41.40586651919465,4.516268242165921
9188,Testine Intercambiabili setole morbide__LASAPONARIA E-COMMERCE__ITALIA,1187.0,250.87807316616536,4.731382001701712
9208,Tinta vegetale castano chiaro - SARASVATI (100 g)__LASAPONARIA E-COMMERCE__ITALIA,821.0,136.4555817010697,6.016609872350601
9233,Tinta vegetale color castagno - INDRANI (100 g)__LASAPONARIA E-COMMERCE__ITALIA,2553.0,632.7235825480722,4.034937325583296
9252,Tinta vegetale color castano scuro - RATRI (100 g)__DISTRIBUTORI__REPUBBLICA CECA,360.0,116.13521971676076,3.0998348380275584
9259,Tinta vegetale color castano scuro - RATRI (100 g)__LASAPONARIA E-COMMERCE__ITALIA,2038.0,0.0,inf
9331,Tinta vegetale color rame - PARVATI (100 g)__LASAPONARIA E-COMMERCE__ITALIA,1548.0,89.7535320611272,17.24723210832221
9357,Tinta vegetale color rosé - SHAKTI (100 g)__LASAPONARIA E-COMMERCE__ITALIA,441.0,82.44968417513037,5.348716667771307
9378,Tinta vegetale color sabbia - DEVI (100 g)__LASAPONARIA E-COMMERCE__ITALIA,507.0,109.41455883801528,4.63375263204778
9400,UVA ROSSA - Shampoo nutriente e rivitalizzante per Pesaro 2024 (200 ml)__NEGOZI AL DETTAGLIO__ITALIA,1089.0,231.91483618668622,4.69568923621333
9405,Unguento all'arnica (50 ml)__BIOSTORIE__ITALIA,252.0,36.563118460366425,6.892191109824568
9443,Unguento all'iperico (50 ml)__LASAPONARIA E-COMMERCE__ITALIA,376.0,31.583829729258618,11.904826084206034
9482,Unguento balsamico al Timo (50 ml)__BIOSTORIE__ITALIA,147.0,42.83122378861936,3.4320756447556655
9490,Unguento balsamico al Timo (50 ml)__LASAPONARIA E-COMMERCE__ITALIA,790.0,31.898885196036872,24.765755766855133
9502,Uomo - Cofanetto Holiday Vibes: Crema anti-age & DocciaShampoo all in one__LASAPONARIA E-COMMERCE__ITALIA,635.0,0.0,inf
9505,Uomo - Cofanetto Holiday Vibes: Crema anti-age & DocciaShampoo all in one__PRIVATE LABEL__ITALIA,533.0,48.75837547487045,10.931455258896035
9514,VASO 50 ml VETRO AMBRA TR LU + SOTTOTAPPO PP BIANCO + TAPPO NERO diam. 56 mm__LASAPONARIA E-COMMERCE__ITALIA,104.0,0.0003358484515964302,309663.47918426857
9520,VASO 50 ml VETRO AMBRA TR LU + TAPPO BIANCO diam. 51 mm__LASAPONARIA E-COMMERCE__ITALIA,470.0,150.45498200878973,3.123858005396871
9544,Vitamina C Attivo Puro (30 ml)__DISTRIBUTORI__ALBANIA,120.0,1.288933637307202e-06,93100215.96666534
9568,Vitamina C Attivo Puro (30 ml)__LASAPONARIA E-COMMERCE__ITALIA,15999.0,2332.210180962671,6.860016361559686
9583,Vitamina C Attivo Puro (30 ml)__NEGOZI AL DETTAGLIO__LITUANIA,120.0,2.5570011631630778e-08,4692997474.101922
9590,Vitamina C Attivo Puro (30 ml)__NON PIU' CLIENTE__0,120.0,28.62226569922871,4.19254021540418
9594,Vitamina C Attivo Puro (30 ml)__PRIVATE LABEL__ITALIA,3044.0,780.135354932362,3.9018870004473976
9604,Vitamina E acetato (25 ml)__LASAPONARIA E-COMMERCE__ITALIA,166.0,22.964925964929016,7.228414332948758
9637,Vitamina E naturale (25 ml) R-PET__LASAPONARIA E-COMMERCE__ITALIA,1995.0,81.99994349679635,24.329285057104247
9705,WOW Crema contorno occhi 3 in 1 (15 ml)__BIOSTORIE__ITALIA,1860.0,132.84165815407704,14.001631911600125
9725,WOW Crema contorno occhi 3 in 1 (15 ml)__LASAPONARIA E-COMMERCE__ITALIA,5393.0,1289.538465906533,4.182116425824315
9744,WOW Siero rinforzante ciglia&sopracciglia (10 ml)__BIOSTORIE__ITALIA,785.0,221.19498930219808,3.5489049841338303
9755,WOW Siero rinforzante ciglia&sopracciglia (10 ml)__E-RETAILERS__GRAN BRETAGNA,360.0,70.99855162584285,5.070525972095509
9783,WonderWhite - Trattamento Sbiancante (50 g)__BIOSTORIE__ITALIA,486.0,91.79788596409979,5.2942395665850555
9792,WonderWhite - Trattamento Sbiancante (50 g)__E-RETAILERS__ITALIA,934.0,190.00000000000003,4.915789473684209
9799,WonderWhite - Trattamento Sbiancante (50 g)__LASAPONARIA E-COMMERCE__ITALIA,1419.0,19.709453641760796,71.99590743567816
9807,WonderWhite - Trattamento Sbiancante (50 g)__PRIVATE LABEL__ITALIA,186.0,33.65075040431867,5.527365594085804
9813,Wondermask - 2 steps beauty anti-age (8+5 ml)__BIOSTORIE__ITALIA,1651.0,259.1393508737805,6.371089510076591
9847,Wondermask - Maschera in tessuto anti-age (10 ml)__CATENA DI NEGOZI__ITALIA,160.0,0.0,inf
9923,Wondermask Hair - forza (150 ml)__LASAPONARIA E-COMMERCE__ITALIA,1200.0,395.02798910377226,3.0377594324962245
10007,Zaino in cotone riciclato azzurro La Saponaria__LASAPONARIA E-COMMERCE__ITALIA,147.0,41.0,3.5853658536585367
10030,maxi Shampoo neutro - BIO EXTRAVERGINE (1000 ml)__LASAPONARIA E-COMMERCE__ITALIA,374.0,12.84646530581898,29.113066598217618
10052,maxi Shampoo riequilibrante - SALVIA BIO E LIMONE (1000 ml)__LASAPONARIA E-COMMERCE__ITALIA,438.0,109.79295564218123,3.9893269785673326
10069,maxi Shampoo rinforzante - GIRASOLE BIO E ARANCIO (1000 ml)__E-RETAILERS__ITALIA,169.0,15.000000000000036,11.26666666666664
10073,maxi Shampoo rinforzante - GIRASOLE BIO E ARANCIO (1000 ml)__LASAPONARIA E-COMMERCE__ITALIA,324.0,95.08796889962004,3.4073711295908717
